Selection,View,Channel,Begin Time (s),End Time (s),Low Freq (Hz),High Freq (Hz),Begin Path,File Offset (s),Begin File,Delta Time (s),Common Name,Species Code,Confidence,Verify,Label,Call Type,Notes,Done?,source_file
220721,Spectrogram 1,1,697279.9465,697282.9465,0.0,11833.333,E:\2025 King Rail Project\Choctaw_WMA_2025 Data\MINI06_20250505_120002.wav,2837.9465,MINI06_20250505_120002.wav,3.0,,,,,Background Noise,,12p 5/5,2.0,BirdNET_SelectionTable_Choctaw_AnnotatedRMKMJS20260419withnegatives20260421.csv
220722,Spectrogram 1,1,699987.2345,699990.2345,0.0,11875.0,E:\2025 King Rail Project\Choctaw_WMA_2025 Data\MINI06_20250505_130002.wav,1947.2345,MINI06_20250505_130002.wav,3.0,,,,,Background Noise,,1p 5/5,2.0,BirdNET_SelectionTable_Choctaw_AnnotatedRMKMJS20260419withnegatives20260421.csv
220723,Spectrogram 1,1,701700.6585,701703.6585,0.0,11875.0,E:\2025 King Rail Project\Choctaw_WMA_2025 Data\MINI06_20250505_140002.wav,62.6585,MINI06_20250505_140002.wav,3.0,,,,,Background Noise,,2p 5/5,2.0,BirdNET_SelectionTable_Choctaw_AnnotatedRMKMJS20260419withnegatives20260421.csv
220724,Spectrogram 1,1,705896.7682,705899.7682,0.0,11916.667,E:\2025 King Rail Project\Choctaw_WMA_2025 Data\MINI06_20250505_150002.wav,660.7682,MINI06_20250505_150002.wav,3.0,,,,,Background Noise,,3p 5/5,2.0,BirdNET_SelectionTable_Choctaw_AnnotatedRMKMJS20260419withnegatives20260421.csv
220725,Spectrogram 1,1,706069.9573,706072.9573,0.0,11916.667,E:\2025 King Rail Project\Choctaw_WMA_2025 Data\MINI06_20250505_150002.wav,833.9573,MINI06_20250505_150002.wav,3.0,,,,,Background Noise,,3p 5/5,2.0,BirdNET_SelectionTable_Choctaw_AnnotatedRMKMJS20260419withnegatives20260421.csv
220726,Spectrogram 1,1,831406.9321,831409.9321,0.0,11791.667,E:\2025 King Rail Project\Choctaw_WMA_2025 Data\MINI06_20250513_050000.wav,236.9321,MINI06_20250513_050000.wav,3.0,,,,,Background Noise,,5p 5/13,2.0,BirdNET_SelectionTable_Choctaw_AnnotatedRMKMJS20260419withnegatives20260421.csv
220729,Spectrogram 1,1,845108.6179,845111.6179,0.0,11791.667,E:\2025 King Rail Project\Choctaw_WMA_2025 Data\MINI06_20250513_080002.wav,3142.6179,MINI06_20250513_080002.wav,3.0,,,,,Background Noise,,8p 5/13,2.0,BirdNET_SelectionTable_Choctaw_AnnotatedRMKMJS20260419withnegatives20260421.csv
220730,Spectrogram 1,1,851297.7422,851300.7422,125.0,11791.667,E:\2025 King Rail Project\Choctaw_WMA_2025 Data\MINI06_20250513_100002.wav,2135.7422,MINI06_20250513_100002.wav,3.0,,,,,Background Noise,,10p 5/13,2.0,BirdNET_SelectionTable_Choctaw_AnnotatedRMKMJS20260419withnegatives20260421.csv
220733,Spectrogram 1,1,855742.3074,855745.3074,0.0,11875.0,E:\2025 King Rail Project\Choctaw_WMA_2025 Data\MINI06_20250513_110002.wav,2982.3074,MINI06_20250513_110002.wav,3.0,,,,,Background Noise,,11p 5/13,2.0,BirdNET_SelectionTable_Choctaw_AnnotatedRMKMJS20260419withnegatives20260421.csv
220736,Spectrogram 1,1,697274.4105,697277.4105,0.0,11963.746,E:\2025 King Rail Project\Choctaw_WMA_2025 Data\MINI06_20250505_120002.wav,2832.4105,MINI06_20250505_120002.wav,3.0,,,,,Background Noise,,12p 5/5,2.0,BirdNET_SelectionTable_Choctaw_AnnotatedRMKMJS20260419withnegatives20260421.csv
220737,Spectrogram 1,1,1176594.412,1176597.412,0.0,12000.0,E:\2025 King Rail Project\Choctaw_WMA_2025 Data\MINI06_20250525_160002.wav,4.4124,MINI06_20250525_160002.wav,3.0,,,,,Background Noise,,4p 5/25,2.0,BirdNET_SelectionTable_Choctaw_AnnotatedRMKMJS20260419withnegatives20260421.csv
220738,Spectrogram 1,1,723228.0571,723231.0571,0.0,12000.0,E:\2025 King Rail Project\Choctaw_WMA_2025 Data\MINI06_20250506_050000.wav,2.0571,MINI06_20250506_050000.wav,3.0,,,,,Background Noise,,5a 5/6 cricket frogs,2.0,BirdNET_SelectionTable_Choctaw_AnnotatedRMKMJS20260419withnegatives20260421.csv
220739,Spectrogram 1,1,1075855.923,1075858.923,0.0,12000.0,E:\2025 King Rail Project\Choctaw_WMA_2025 Data\MINI06_20250523_180002.wav,13.923,MINI06_20250523_180002.wav,3.0,,,,,Background Noise,,6p 5/23,2.0,BirdNET_SelectionTable_Choctaw_AnnotatedRMKMJS20260419withnegatives20260421.csv
220740,Spectrogram 1,1,1237758.656,1237761.656,0.0,12000.0,E:\2025 King Rail Project\Choctaw_WMA_2025 Data\MINI06_20250526_180002.wav,0.6559,MINI06_20250526_180002.wav,3.0,,,,,Background Noise,,6p 5/26,2.0,BirdNET_SelectionTable_Choctaw_AnnotatedRMKMJS20260419withnegatives20260421.csv
220741,Spectrogram 1,1,1115422.104,1115425.104,0.0,9915.493,E:\2025 King Rail Project\Choctaw_WMA_2025 Data\MINI06_20250524_140002.wav,0.1043,MINI06_20250524_140002.wav,3.0,,,,,Background Noise,,"2p 5/24 rain, clipping",2.0,BirdNET_SelectionTable_Choctaw_AnnotatedRMKMJS20260419withnegatives20260421.csv
220742,Spectrogram 1,1,1115430.72,1115433.72,0.0,12000.0,E:\2025 King Rail Project\Choctaw_WMA_2025 Data\MINI06_20250524_140002.wav,8.7205,MINI06_20250524_140002.wav,3.0,,,,,Background Noise,,2p 5/24,2.0,BirdNET_SelectionTable_Choctaw_AnnotatedRMKMJS20260419withnegatives20260421.csv
220746,Spectrogram 1,1,1595.791271,1598.791271,83.721,7311.628,E:\2025 King Rail Project\Choctaw_WMA_2025 Data\MINI06_20250410_050000.wav,1595.7913,MINI06_20250410_050000.wav,3.0,,,,,Background Noise,,5a 4/10,2.0,BirdNET_SelectionTable_Choctaw_AnnotatedRMKMJS20260419withnegatives20260421.csv
220748,Spectrogram 1,1,133131.4279,133134.4279,0.0,10074.419,E:\2025 King Rail Project\Choctaw_WMA_2025 Data\MINI06_20250412_110002.wav,3597.428,MINI06_20250412_110002.wav,3.0,,,,,Background Noise,,12p 4/12,2.0,BirdNET_SelectionTable_Choctaw_AnnotatedRMKMJS20260419withnegatives20260421.csv
220749,Spectrogram 1,1,244678.2932,244681.2932,0.0,10632.558,E:\2025 King Rail Project\Choctaw_WMA_2025 Data\MINI06_20250414_130002.wav,4.2932,MINI06_20250414_130002.wav,3.0,,,,,Background Noise,,1p 4/14,2.0,BirdNET_SelectionTable_Choctaw_AnnotatedRMKMJS20260419withnegatives20260421.csv
220750,Spectrogram 1,1,302258.0869,302261.0869,0.0,4325.581,E:\2025 King Rail Project\Choctaw_WMA_2025 Data\MINI06_20250415_140002.wav,14.0869,MINI06_20250415_140002.wav,3.0,,,,,Background Noise,,2p 4/15,2.0,BirdNET_SelectionTable_Choctaw_AnnotatedRMKMJS20260419withnegatives20260421.csv
220752,Spectrogram 1,1,1155056.529,1155059.529,446.512,4939.535,E:\2025 King Rail Project\Choctaw_WMA_2025 Data\MINI06_20250525_100002.wav,54.5292,MINI06_20250525_100002.wav,3.0,,,,,Background Noise,,10a 5/25,2.0,BirdNET_SelectionTable_Choctaw_AnnotatedRMKMJS20260419withnegatives20260421.csv
220753,Spectrogram 1,1,133134.7764,133137.7764,0.0,6725.581,E:\2025 King Rail Project\Choctaw_WMA_2025 Data\MINI06_20250412_120002.wav,2.7764,MINI06_20250412_120002.wav,3.0,,,,,Background Noise,,12p 4/12,2.0,BirdNET_SelectionTable_Choctaw_AnnotatedRMKMJS20260419withnegatives20260421.csv
220754,Spectrogram 1,1,82811.76893,82814.76893,139.535,5330.233,E:\2025 King Rail Project\Choctaw_WMA_2025 Data\MINI06_20250411_130002.wav,53.7689,MINI06_20250411_130002.wav,3.0,,,,,Background Noise,,1p 4/11,2.0,BirdNET_SelectionTable_Choctaw_AnnotatedRMKMJS20260419withnegatives20260421.csv
220755,Spectrogram 1,1,86562.97576,86565.97576,0.0,6139.535,E:\2025 King Rail Project\Choctaw_WMA_2025 Data\MINI06_20250411_140002.wav,206.9758,MINI06_20250411_140002.wav,3.0,,,,,Background Noise,,2p 4/11,2.0,BirdNET_SelectionTable_Choctaw_AnnotatedRMKMJS20260419withnegatives20260421.csv
220756,Spectrogram 1,1,255775.6472,255778.6472,0.0,5860.465,E:\2025 King Rail Project\Choctaw_WMA_2025 Data\MINI06_20250414_160002.wav,307.6472,MINI06_20250414_160002.wav,3.0,,,,,Background Noise,,4p 4/14,2.0,BirdNET_SelectionTable_Choctaw_AnnotatedRMKMJS20260419withnegatives20260421.csv
220761,Spectrogram 1,1,859965.4807,859968.4807,0.0,4493.023,E:\2025 King Rail Project\Choctaw_WMA_2025 Data\MINI06_20250513_130002.wav,9.4807,MINI06_20250513_130002.wav,3.0,,,,,Background Noise,,1p 5/13,2.0,BirdNET_SelectionTable_Choctaw_AnnotatedRMKMJS20260419withnegatives20260421.csv
220764,Spectrogram 1,1,852847.1006,852850.1006,0.0,6251.163,E:\2025 King Rail Project\Choctaw_WMA_2025 Data\MINI06_20250513_110002.wav,87.1006,MINI06_20250513_110002.wav,3.0,,,,,Background Noise,,11a 5/11,2.0,BirdNET_SelectionTable_Choctaw_AnnotatedRMKMJS20260419withnegatives20260421.csv
52678,Spectrogram 1,1,4013.193104,4016.193104,0.0,12000.0,D:\2025 King Rail Project\2025 ARU Data Annotated For King Rail Project\Howard5 2MA08068\Howard5Data20250415to20250710\2MA08068_20250416_063100.wav,413.1931,2MA08068_20250416_063100.wav,3.0,,,,,Background Noise,,rise,2.0,BirdNET_SelectionTable_How5AnnotatedRMJS20260420withnegatives20260421.csv
52679,Spectrogram 1,1,27717.29302,27720.29302,0.0,12000.0,D:\2025 King Rail Project\2025 ARU Data Annotated For King Rail Project\Howard5 2MA08068\Howard5Data20250415to20250710\2MA08068_20250420_062500.wav,117.293,2MA08068_20250420_062500.wav,3.0,,,,,Background Noise,,rise,2.0,BirdNET_SelectionTable_How5AnnotatedRMJS20260420withnegatives20260421.csv
52681,Spectrogram 1,1,237171.3857,237174.3857,0.0,11867.647,D:\2025 King Rail Project\2025 ARU Data Annotated For King Rail Project\Howard5 2MA08068\Howard5Data20250415to20250710\2MA08068_20250525_040000.wav,771.3857,2MA08068_20250525_040000.wav,3.0,,,,,Background Noise,,4am,2.0,BirdNET_SelectionTable_How5AnnotatedRMJS20260420withnegatives20260421.csv
52682,Spectrogram 1,1,510410.5576,510413.5576,0.0,11647.059,D:\2025 King Rail Project\2025 ARU Data Annotated For King Rail Project\Howard5 2MA08068\Howard5Data20250415to20250710\2MA08068_20250709_204900.wav,410.5577,2MA08068_20250709_204900.wav,3.0,,,,,Background Noise,,set,2.0,BirdNET_SelectionTable_How5AnnotatedRMJS20260420withnegatives20260421.csv
52683,Spectrogram 1,1,237165.2939,237168.2939,0.0,12000.0,D:\2025 King Rail Project\2025 ARU Data Annotated For King Rail Project\Howard5 2MA08068\Howard5Data20250415to20250710\2MA08068_20250525_040000.wav,765.2939,2MA08068_20250525_040000.wav,3.0,,,,,Background Noise,,4am,2.0,BirdNET_SelectionTable_How5AnnotatedRMJS20260420withnegatives20260421.csv
52685,Spectrogram 1,1,285359.1175,285362.1175,0.0,12000.0,D:\2025 King Rail Project\2025 ARU Data Annotated For King Rail Project\Howard5 2MA08068\Howard5Data20250415to20250710\2MA08068_20250602_040000.wav,959.1175,2MA08068_20250602_040000.wav,3.0,,,,,Background Noise,,4am,2.0,BirdNET_SelectionTable_How5AnnotatedRMJS20260420withnegatives20260421.csv
52687,Spectrogram 1,1,272755.4514,272758.4514,0.0,11867.647,D:\2025 King Rail Project\2025 ARU Data Annotated For King Rail Project\Howard5 2MA08068\Howard5Data20250415to20250710\2MA08068_20250531_040000.wav,355.4514,2MA08068_20250531_040000.wav,3.0,,,,,Background Noise,,4am,2.0,BirdNET_SelectionTable_How5AnnotatedRMJS20260420withnegatives20260421.csv
52688,Spectrogram 1,1,8482.199407,8485.199407,0.0,11867.647,D:\2025 King Rail Project\2025 ARU Data Annotated For King Rail Project\Howard5 2MA08068\Howard5Data20250415to20250710\2MA08068_20250417_040000.wav,82.1994,2MA08068_20250417_040000.wav,3.0,,,,,Background Noise,,4am,2.0,BirdNET_SelectionTable_How5AnnotatedRMJS20260420withnegatives20260421.csv
52692,Spectrogram 1,1,115832.0779,115835.0779,0.0,11823.529,D:\2025 King Rail Project\2025 ARU Data Annotated For King Rail Project\Howard5 2MA08068\Howard5Data20250415to20250710\2MA08068_20250504_201400.wav,1832.0779,2MA08068_20250504_201400.wav,3.0,,,,,Background Noise,,set,2.0,BirdNET_SelectionTable_How5AnnotatedRMJS20260420withnegatives20260421.csv
52693,Spectrogram 1,1,390.1625062,393.1625062,0.0,12000.0,D:\2025 King Rail Project\2025 ARU Data Annotated For King Rail Project\Howard5 2MA08068\Howard5Data20250415to20250710\2MA08068_20250415_195400.wav,390.1625,2MA08068_20250415_195400.wav,3.0,,,,,Background Noise,,set,2.0,BirdNET_SelectionTable_How5AnnotatedRMJS20260420withnegatives20260421.csv
118651,Spectrogram 1,1,255345.9893,255348.9893,0.0,11797.98,E:\2025 King Rail Project\2025 ARU Data Annotated For King Rail Project\Lattimore1 SMA06000\Lattimore1Data20250326to20250707\SMA06000_20250508_040000.wav,1087.9627,SMA06000_20250508_040000.wav,3.0,,,,,Background Noise,,4am,2.0,BirdNET_SelectionTable_Lat1AnnotatedRM20260420withnegatives20260421.csv
118652,Spectrogram 1,1,255355.6959,255358.6959,0.0,12000.0,E:\2025 King Rail Project\2025 ARU Data Annotated For King Rail Project\Lattimore1 SMA06000\Lattimore1Data20250326to20250707\SMA06000_20250508_040000.wav,1097.6692,SMA06000_20250508_040000.wav,3.0,,,,,Background Noise,,4am,2.0,BirdNET_SelectionTable_Lat1AnnotatedRM20260420withnegatives20260421.csv
118654,Spectrogram 1,1,612323.0137,612326.0137,0.0,12000.0,E:\2025 King Rail Project\2025 ARU Data Annotated For King Rail Project\Lattimore1 SMA06000\Lattimore1Data20250326to20250707\SMA06000_20250706_204800.wav,821.9897,SMA06000_20250706_204800.wav,3.0,,,,,Background Noise,,set,2.0,BirdNET_SelectionTable_Lat1AnnotatedRM20260420withnegatives20260421.csv
118655,Spectrogram 1,1,612333.6707,612336.6707,0.0,11797.98,E:\2025 King Rail Project\2025 ARU Data Annotated For King Rail Project\Lattimore1 SMA06000\Lattimore1Data20250326to20250707\SMA06000_20250706_204800.wav,832.6467,SMA06000_20250706_204800.wav,3.0,,,,,Background Noise,,set,2.0,BirdNET_SelectionTable_Lat1AnnotatedRM20260420withnegatives20260421.csv
118656,Spectrogram 1,1,254501.5073,254504.5073,0.0,11838.384,E:\2025 King Rail Project\2025 ARU Data Annotated For King Rail Project\Lattimore1 SMA06000\Lattimore1Data20250326to20250707\SMA06000_20250508_040000.wav,243.4806,SMA06000_20250508_040000.wav,3.0,,,,,Background Noise,,4am,2.0,BirdNET_SelectionTable_Lat1AnnotatedRM20260420withnegatives20260421.csv
118657,Spectrogram 1,1,254511.442,254514.442,0.0,11878.788,E:\2025 King Rail Project\2025 ARU Data Annotated For King Rail Project\Lattimore1 SMA06000\Lattimore1Data20250326to20250707\SMA06000_20250508_040000.wav,253.4153,SMA06000_20250508_040000.wav,3.0,,,,,Background Noise,,4am,2.0,BirdNET_SelectionTable_Lat1AnnotatedRM20260420withnegatives20260421.csv
118658,Spectrogram 1,1,255014.0884,255017.0884,0.0,11838.384,E:\2025 King Rail Project\2025 ARU Data Annotated For King Rail Project\Lattimore1 SMA06000\Lattimore1Data20250326to20250707\SMA06000_20250508_040000.wav,756.0617,SMA06000_20250508_040000.wav,3.0,,,,,Background Noise,,4am,2.0,BirdNET_SelectionTable_Lat1AnnotatedRM20260420withnegatives20260421.csv
118659,Spectrogram 1,1,255089.9533,255092.9533,0.0,11878.788,E:\2025 King Rail Project\2025 ARU Data Annotated For King Rail Project\Lattimore1 SMA06000\Lattimore1Data20250326to20250707\SMA06000_20250508_040000.wav,831.9267,SMA06000_20250508_040000.wav,3.0,,,,,Background Noise,,4am,2.0,BirdNET_SelectionTable_Lat1AnnotatedRM20260420withnegatives20260421.csv
118660,Spectrogram 1,1,255334.0272,255337.0272,0.0,12000.0,E:\2025 King Rail Project\2025 ARU Data Annotated For King Rail Project\Lattimore1 SMA06000\Lattimore1Data20250326to20250707\SMA06000_20250508_040000.wav,1076.0005,SMA06000_20250508_040000.wav,3.0,,,,,Background Noise,,4am,2.0,BirdNET_SelectionTable_Lat1AnnotatedRM20260420withnegatives20260421.csv
118661,Spectrogram 1,1,2405.881764,2408.881764,0.0,5762.918,E:\2025 King Rail Project\2025 ARU Data Annotated For King Rail Project\Lattimore1 SMA06000\Lattimore1Data20250326to20250707\SMA06000_20250327_040000.wav,5.8818,SMA06000_20250327_040000.wav,3.0,,,,,Background Noise,,4a 5/27 water,2.0,BirdNET_SelectionTable_Lat1AnnotatedRM20260420withnegatives20260421.csv
118665,Spectrogram 1,1,15608.35254,15611.35254,0.0,12000.0,E:\2025 King Rail Project\2025 ARU Data Annotated For King Rail Project\Lattimore1 SMA06000\Lattimore1Data20250326to20250707\SMA06000_20250329_070000.wav,8.3525,SMA06000_20250329_070000.wav,3.0,,,,,Background Noise,,7a 3/29,2.0,BirdNET_SelectionTable_Lat1AnnotatedRM20260420withnegatives20260421.csv
118666,Spectrogram 1,1,68405.16021,68408.16021,0.0,12000.0,E:\2025 King Rail Project\2025 ARU Data Annotated For King Rail Project\Lattimore1 SMA06000\Lattimore1Data20250326to20250707\SMA06000_20250407_040000.wav,5.1602,SMA06000_20250407_040000.wav,3.0,,,,,Background Noise,,4a 4/7,2.0,BirdNET_SelectionTable_Lat1AnnotatedRM20260420withnegatives20260421.csv
118667,Spectrogram 1,1,63608.85544,63611.85544,0.0,4522.796,E:\2025 King Rail Project\2025 ARU Data Annotated For King Rail Project\Lattimore1 SMA06000\Lattimore1Data20250326to20250707\SMA06000_20250406_064700.wav,8.8555,SMA06000_20250406_064700.wav,3.0,,,,,Background Noise,,6a 4/6,2.0,BirdNET_SelectionTable_Lat1AnnotatedRM20260420withnegatives20260421.csv
112620,Spectrogram 1,1,206828.7677,206831.7677,0.0,11847.134,E:\2025 King Rail Project\2025 ARU Data Annotated For King Rail Project\Lattimore2 2MA06246\Lattimore2Data20250404to20250707\2MA06246_20250509_040000.wav,551.6584,2MA06246_20250509_040000.wav,3.0,,,,,Background Noise,,4a 5/9,2.0,BirdNET_SelectionTable_Lat2AnnotatedRM20260420withnegatives20260421.csv
112623,Spectrogram 1,1,175899.0089,175902.0089,0.0,11770.701,E:\2025 King Rail Project\2025 ARU Data Annotated For King Rail Project\Lattimore2 2MA06246\Lattimore2Data20250404to20250707\2MA06246_20250503_201200.wav,2021.8996,2MA06246_20250503_201200.wav,3.0,,,,,Background Noise,,set 5/3,2.0,BirdNET_SelectionTable_Lat2AnnotatedRM20260420withnegatives20260421.csv
112624,Spectrogram 1,1,177525.9919,177528.9919,0.0,11847.134,E:\2025 King Rail Project\2025 ARU Data Annotated For King Rail Project\Lattimore2 2MA06246\Lattimore2Data20250404to20250707\2MA06246_20250504_060500.wav,48.8825,2MA06246_20250504_060500.wav,3.0,,,,,Background Noise,,rise 5/4,2.0,BirdNET_SelectionTable_Lat2AnnotatedRM20260420withnegatives20260421.csv
112625,Spectrogram 1,1,177613.1359,177616.1359,0.0,11885.35,E:\2025 King Rail Project\2025 ARU Data Annotated For King Rail Project\Lattimore2 2MA06246\Lattimore2Data20250404to20250707\2MA06246_20250504_060500.wav,136.0265,2MA06246_20250504_060500.wav,3.0,,,,,Background Noise,,rise 5/4,2.0,BirdNET_SelectionTable_Lat2AnnotatedRM20260420withnegatives20260421.csv
112627,Spectrogram 1,1,178726.624,178729.624,0.0,12000.0,E:\2025 King Rail Project\2025 ARU Data Annotated For King Rail Project\Lattimore2 2MA06246\Lattimore2Data20250404to20250707\2MA06246_20250504_060500.wav,1249.5147,2MA06246_20250504_060500.wav,3.0,,,,,Background Noise,,rise 5/4,2.0,BirdNET_SelectionTable_Lat2AnnotatedRM20260420withnegatives20260421.csv
112629,Spectrogram 1,1,182069.7101,182072.7101,0.0,11923.567,E:\2025 King Rail Project\2025 ARU Data Annotated For King Rail Project\Lattimore2 2MA06246\Lattimore2Data20250404to20250707\2MA06246_20250504_201300.wav,2192.6008,2MA06246_20250504_201300.wav,3.0,,,,,Background Noise,,set 5/4,2.0,BirdNET_SelectionTable_Lat2AnnotatedRM20260420withnegatives20260421.csv
112630,Spectrogram 1,1,182080.5544,182083.5544,0.0,12000.0,E:\2025 King Rail Project\2025 ARU Data Annotated For King Rail Project\Lattimore2 2MA06246\Lattimore2Data20250404to20250707\2MA06246_20250504_201300.wav,2203.4451,2MA06246_20250504_201300.wav,3.0,,,,,Background Noise,,"set 5/4- sosp, not swsp",2.0,BirdNET_SelectionTable_Lat2AnnotatedRM20260420withnegatives20260421.csv
112631,Spectrogram 1,1,182087.5967,182090.5967,0.0,12000.0,E:\2025 King Rail Project\2025 ARU Data Annotated For King Rail Project\Lattimore2 2MA06246\Lattimore2Data20250404to20250707\2MA06246_20250504_201300.wav,2210.4873,2MA06246_20250504_201300.wav,3.0,,,,,Background Noise,,set 5/4,2.0,BirdNET_SelectionTable_Lat2AnnotatedRM20260420withnegatives20260421.csv
112632,Spectrogram 1,1,182702.7929,182705.7929,0.0,11847.134,E:\2025 King Rail Project\2025 ARU Data Annotated For King Rail Project\Lattimore2 2MA06246\Lattimore2Data20250404to20250707\2MA06246_20250505_040000.wav,425.6836,2MA06246_20250505_040000.wav,3.0,,,,,Background Noise,,4a 5/5,2.0,BirdNET_SelectionTable_Lat2AnnotatedRM20260420withnegatives20260421.csv
112633,Spectrogram 1,1,188349.9487,188352.9487,0.0,11847.134,E:\2025 King Rail Project\2025 ARU Data Annotated For King Rail Project\Lattimore2 2MA06246\Lattimore2Data20250404to20250707\2MA06246_20250506_040000.wav,72.8393,2MA06246_20250506_040000.wav,3.0,,,,,Background Noise,,4a 5/5,2.0,BirdNET_SelectionTable_Lat2AnnotatedRM20260420withnegatives20260421.csv
112634,Spectrogram 1,1,2403.158384,2406.158384,0.0,12000.0,E:\2025 King Rail Project\2025 ARU Data Annotated For King Rail Project\Lattimore2 2MA06246\Lattimore2Data20250404to20250707\2MA06246_20250405_040000.wav,3.1584,2MA06246_20250405_040000.wav,3.0,,,,,Background Noise,,4a 4/5,2.0,BirdNET_SelectionTable_Lat2AnnotatedRM20260420withnegatives20260421.csv
112636,Spectrogram 1,1,392187.1643,392190.1643,0.0,12000.0,E:\2025 King Rail Project\2025 ARU Data Annotated For King Rail Project\Lattimore2 2MA06246\Lattimore2Data20250404to20250707\2MA06246_20250609_040000.wav,11.4736,2MA06246_20250609_040000.wav,3.0,,,,,Background Noise,,4a 6/9,2.0,BirdNET_SelectionTable_Lat2AnnotatedRM20260420withnegatives20260421.csv
112637,Spectrogram 1,1,548186.6891,548189.6891,0.0,7979.695,E:\2025 King Rail Project\2025 ARU Data Annotated For King Rail Project\Lattimore2 2MA06246\Lattimore2Data20250404to20250707\2MA06246_20250705_040000.wav,10.9985,2MA06246_20250705_040000.wav,3.0,,,,,Background Noise,,4a 7/5,2.0,BirdNET_SelectionTable_Lat2AnnotatedRM20260420withnegatives20260421.csv
53028,Spectrogram 1,1,202180.1283,202183.1283,0.0,11853.659,D:\2025 King Rail Project\2025 ARU Data Annotated For King Rail Project\NorthLily1 SMA06024\NorthLily1Data20250326to20250707\SMA06024_20250429_061100.wav,580.1283,SMA06024_20250429_061100.wav,3.0,,,,,Background Noise,,rise,2.0,BirdNET_SelectionTable_NLily1AnnotatedRMJS20260420withnegatives20260421.csv
53030,Spectrogram 1,1,203556.9421,203559.9421,0.0,11817.073,D:\2025 King Rail Project\2025 ARU Data Annotated For King Rail Project\NorthLily1 SMA06024\NorthLily1Data20250326to20250707\SMA06024_20250429_061100.wav,1956.9421,SMA06024_20250429_061100.wav,3.0,,,,,Background Noise,,rise,2.0,BirdNET_SelectionTable_NLily1AnnotatedRMJS20260420withnegatives20260421.csv
53032,Spectrogram 1,1,206268.4073,206271.4073,0.0,11853.659,D:\2025 King Rail Project\2025 ARU Data Annotated For King Rail Project\NorthLily1 SMA06024\NorthLily1Data20250326to20250707\SMA06024_20250429_200800.wav,2268.4073,SMA06024_20250429_200800.wav,3.0,,,,,Background Noise,,set,2.0,BirdNET_SelectionTable_NLily1AnnotatedRMJS20260420withnegatives20260421.csv
53033,Spectrogram 1,1,207005.6729,207008.6729,0.0,11890.244,D:\2025 King Rail Project\2025 ARU Data Annotated For King Rail Project\NorthLily1 SMA06024\NorthLily1Data20250326to20250707\SMA06024_20250430_040000.wav,605.6729,SMA06024_20250430_040000.wav,3.0,,,,,Background Noise,,4am,2.0,BirdNET_SelectionTable_NLily1AnnotatedRMJS20260420withnegatives20260421.csv
53034,Spectrogram 1,1,207016.8051,207019.8051,0.0,11853.659,D:\2025 King Rail Project\2025 ARU Data Annotated For King Rail Project\NorthLily1 SMA06024\NorthLily1Data20250326to20250707\SMA06024_20250430_040000.wav,616.8051,SMA06024_20250430_040000.wav,3.0,,,,,Background Noise,,4am,2.0,BirdNET_SelectionTable_NLily1AnnotatedRMJS20260420withnegatives20260421.csv
53036,Spectrogram 1,1,494394.5225,494397.5225,0.0,11853.659,D:\2025 King Rail Project\2025 ARU Data Annotated For King Rail Project\NorthLily1 SMA06024\NorthLily1Data20250326to20250707\SMA06024_20250616_204800.wav,2394.5225,SMA06024_20250616_204800.wav,3.0,,,,,Background Noise,,set,2.0,BirdNET_SelectionTable_NLily1AnnotatedRMJS20260420withnegatives20260421.csv
53037,Spectrogram 1,1,494575.1274,494578.1274,0.0,11817.073,D:\2025 King Rail Project\2025 ARU Data Annotated For King Rail Project\NorthLily1 SMA06024\NorthLily1Data20250326to20250707\SMA06024_20250617_040000.wav,175.1274,SMA06024_20250617_040000.wav,3.0,,,,,Background Noise,,4am,2.0,BirdNET_SelectionTable_NLily1AnnotatedRMJS20260420withnegatives20260421.csv
53039,Spectrogram 1,1,41361.46494,41364.46494,0.0,11670.732,D:\2025 King Rail Project\2025 ARU Data Annotated For King Rail Project\NorthLily1 SMA06024\NorthLily1Data20250326to20250707\SMA06024_20250402_065300.wav,1761.4649,SMA06024_20250402_065300.wav,3.0,,,,,Background Noise,,rise,2.0,BirdNET_SelectionTable_NLily1AnnotatedRMJS20260420withnegatives20260421.csv
53041,Spectrogram 1,1,41010.24891,41013.24891,0.0,11817.073,D:\2025 King Rail Project\2025 ARU Data Annotated For King Rail Project\NorthLily1 SMA06024\NorthLily1Data20250326to20250707\SMA06024_20250402_065300.wav,1410.2489,SMA06024_20250402_065300.wav,3.0,,,,,Background Noise,,rise,2.0,BirdNET_SelectionTable_NLily1AnnotatedRMJS20260420withnegatives20260421.csv
53042,Spectrogram 1,1,41015.39609,41018.39609,0.0,11964.497,D:\2025 King Rail Project\2025 ARU Data Annotated For King Rail Project\NorthLily1 SMA06024\NorthLily1Data20250326to20250707\SMA06024_20250402_065300.wav,1415.3961,SMA06024_20250402_065300.wav,3.0,,,,,Background Noise,,,2.0,BirdNET_SelectionTable_NLily1AnnotatedRMJS20260420withnegatives20260421.csv
30795,Spectrogram 1,1,290580.0,290583.0,0.0,12000.0,E:\2025 King Rail Project\2025 ARU Data Annotated For King Rail Project\NorthLily1 SMA06024\NorthLily1Data20250326to20250707\SMA06024_20250514_040000.wav,180.0,SMA06024_20250514_040000.wav,3.0,American Bittern,amebit,0.3182,0,Background Noise,,4am 5/14,2.0,BirdNET_SelectionTable_NLily1AnnotatedRMrevJS20260324FINALwithnegatives20260421.csv
30796,Spectrogram 1,1,290583.0,290586.0,0.0,12000.0,E:\2025 King Rail Project\2025 ARU Data Annotated For King Rail Project\NorthLily1 SMA06024\NorthLily1Data20250326to20250707\SMA06024_20250514_040000.wav,183.0,SMA06024_20250514_040000.wav,3.0,American Bittern,amebit,0.1257,0,Background Noise,,4am 5/14 ,2.0,BirdNET_SelectionTable_NLily1AnnotatedRMrevJS20260324FINALwithnegatives20260421.csv
52992,Spectrogram 1,1,32410.48693,32413.48693,0.0,11905.263,E:\2025 King Rail Project\2025 ARU Data Annotated For King Rail Project\NorthLily1 SMA06024\NorthLily1Data20250326to20250707\SMA06024_20250401_040000.wav,10.4869,SMA06024_20250401_040000.wav,3.0,,,,1,Background Noise,,4am,2.0,BirdNET_SelectionTable_NLily1AnnotatedRMrevJS20260324FINALwithnegatives20260421.csv
52993,Spectrogram 1,1,32428.65463,32431.65463,0.0,6252.632,E:\2025 King Rail Project\2025 ARU Data Annotated For King Rail Project\NorthLily1 SMA06024\NorthLily1Data20250326to20250707\SMA06024_20250401_040000.wav,28.6546,SMA06024_20250401_040000.wav,3.0,,,,1,Background Noise,,4am,2.0,BirdNET_SelectionTable_NLily1AnnotatedRMrevJS20260324FINALwithnegatives20260421.csv
52994,Spectrogram 1,1,32452.21117,32455.21117,0.0,3063.158,E:\2025 King Rail Project\2025 ARU Data Annotated For King Rail Project\NorthLily1 SMA06024\NorthLily1Data20250326to20250707\SMA06024_20250401_040000.wav,52.2112,SMA06024_20250401_040000.wav,3.0,,,,1,Background Noise,,,2.0,BirdNET_SelectionTable_NLily1AnnotatedRMrevJS20260324FINALwithnegatives20260421.csv
52995,Spectrogram 1,1,33836.56023,33839.56023,0.0,3978.947,E:\2025 King Rail Project\2025 ARU Data Annotated For King Rail Project\NorthLily1 SMA06024\NorthLily1Data20250326to20250707\SMA06024_20250401_065500.wav,236.5602,SMA06024_20250401_065500.wav,3.0,,,,,Background Noise,,non-target bird call ok,2.0,BirdNET_SelectionTable_NLily1AnnotatedRMrevJS20260324FINALwithnegatives20260421.csv
52998,Spectrogram 1,1,14401.69938,14404.69938,0.0,6470.886,E:\2025 King Rail Project\2025 ARU Data Annotated For King Rail Project\NorthLily1 SMA06024\NorthLily1Data20250326to20250707\SMA06024_20250329_040000.wav,1.6994,SMA06024_20250329_040000.wav,3.0,,,,,Background Noise,,4am 3/29 ,2.0,BirdNET_SelectionTable_NLily1AnnotatedRMrevJS20260324FINALwithnegatives20260421.csv
52999,Spectrogram 1,1,14458.94159,14461.94159,0.0,4010.127,E:\2025 King Rail Project\2025 ARU Data Annotated For King Rail Project\NorthLily1 SMA06024\NorthLily1Data20250326to20250707\SMA06024_20250329_040000.wav,58.9416,SMA06024_20250329_040000.wav,3.0,,,,,Backgrond Noise,,4am 3.29,2.0,BirdNET_SelectionTable_NLily1AnnotatedRMrevJS20260324FINALwithnegatives20260421.csv
53000,Spectrogram 1,1,14395.63789,14398.63789,0.0,12000.0,E:\2025 King Rail Project\2025 ARU Data Annotated For King Rail Project\NorthLily1 SMA06024\NorthLily1Data20250326to20250707\SMA06024_20250328_193300.wav,2395.6379,SMA06024_20250328_193300.wav,3.0,,,,,Background Noise,,Sunset 3.28 1.6994s,2.0,BirdNET_SelectionTable_NLily1AnnotatedRMrevJS20260324FINALwithnegatives20260421.csv
53001,Spectrogram 1,1,14359.57455,14362.57455,0.0,7777.215,E:\2025 King Rail Project\2025 ARU Data Annotated For King Rail Project\NorthLily1 SMA06024\NorthLily1Data20250326to20250707\SMA06024_20250328_193300.wav,2359.5745,SMA06024_20250328_193300.wav,3.0,,,,,Background Noise,,sunset 3/28 1.4s,2.0,BirdNET_SelectionTable_NLily1AnnotatedRMrevJS20260324FINALwithnegatives20260421.csv
53020,Spectrogram 1,1,402067.3808,402070.3808,0.0,7078.481,E:\2025 King Rail Project\2025 ARU Data Annotated For King Rail Project\NorthLily1 SMA06024\NorthLily1Data20250326to20250707\SMA06024_20250601_203900.wav,67.3808,SMA06024_20250601_203900.wav,3.0,,,,,Background Noise,,water! Sunset 6/1 ,2.0,BirdNET_SelectionTable_NLily1AnnotatedRMrevJS20260324FINALwithnegatives20260421.csv
53022,Spectrogram 1,1,272416.9938,272419.9938,0.0,12000.0,E:\2025 King Rail Project\2025 ARU Data Annotated For King Rail Project\NorthLily1 SMA06024\NorthLily1Data20250326to20250707\SMA06024_20250511_040000.wav,16.9937,SMA06024_20250511_040000.wav,3.0,,,,,Background Noise,,4am 5/11 ,2.0,BirdNET_SelectionTable_NLily1AnnotatedRMrevJS20260324FINALwithnegatives20260421.csv
53023,Spectrogram 1,1,272424.7547,272427.7547,0.0,12000.0,E:\2025 King Rail Project\2025 ARU Data Annotated For King Rail Project\NorthLily1 SMA06024\NorthLily1Data20250326to20250707\SMA06024_20250511_040000.wav,24.7547,SMA06024_20250511_040000.wav,3.0,,,,,Background Noise,,"4am 5/11 train, rain",2.0,BirdNET_SelectionTable_NLily1AnnotatedRMrevJS20260324FINALwithnegatives20260421.csv
53025,Spectrogram 1,1,272559.354,272562.354,0.0,7017.722,E:\2025 King Rail Project\2025 ARU Data Annotated For King Rail Project\NorthLily1 SMA06024\NorthLily1Data20250326to20250707\SMA06024_20250511_040000.wav,159.354,SMA06024_20250511_040000.wav,3.0,,,,,Background Noise,,CAGO,2.0,BirdNET_SelectionTable_NLily1AnnotatedRMrevJS20260324FINALwithnegatives20260421.csv
53026,Spectrogram 1,1,272979.5478,272982.5478,0.0,12000.0,E:\2025 King Rail Project\2025 ARU Data Annotated For King Rail Project\NorthLily1 SMA06024\NorthLily1Data20250326to20250707\SMA06024_20250511_040000.wav,579.5478,SMA06024_20250511_040000.wav,3.0,,,,,Background Noise,,4am 5/11 something is chewing... ,2.0,BirdNET_SelectionTable_NLily1AnnotatedRMrevJS20260324FINALwithnegatives20260421.csv
53027,Spectrogram 1,1,290400.0894,290403.0894,0.0,12000.0,E:\2025 King Rail Project\2025 ARU Data Annotated For King Rail Project\NorthLily1 SMA06024\NorthLily1Data20250326to20250707\SMA06024_20250514_040000.wav,0.0895,SMA06024_20250514_040000.wav,3.0,,,,,Background Noise,,4am 5/14 water,2.0,BirdNET_SelectionTable_NLily1AnnotatedRMrevJS20260324FINALwithnegatives20260421.csv
53029,Spectrogram 1,1,290527.2596,290530.2596,0.0,12000.0,E:\2025 King Rail Project\2025 ARU Data Annotated For King Rail Project\NorthLily1 SMA06024\NorthLily1Data20250326to20250707\SMA06024_20250514_040000.wav,127.2596,SMA06024_20250514_040000.wav,3.0,,,,,Background Noise,,4am 5/14 water sounds,2.0,BirdNET_SelectionTable_NLily1AnnotatedRMrevJS20260324FINALwithnegatives20260421.csv
53030,Spectrogram 1,1,290573.6646,290576.6646,0.0,12000.0,E:\2025 King Rail Project\2025 ARU Data Annotated For King Rail Project\NorthLily1 SMA06024\NorthLily1Data20250326to20250707\SMA06024_20250514_040000.wav,173.6646,SMA06024_20250514_040000.wav,3.0,,,,,Background Noise,,4am 5/14 water,2.0,BirdNET_SelectionTable_NLily1AnnotatedRMrevJS20260324FINALwithnegatives20260421.csv
53034,Spectrogram 1,1,290535.9894,290538.9894,0.0,5073.418,E:\2025 King Rail Project\2025 ARU Data Annotated For King Rail Project\NorthLily1 SMA06024\NorthLily1Data20250326to20250707\SMA06024_20250514_040000.wav,135.9894,SMA06024_20250514_040000.wav,3.0,,,,,Background Noise,,,2.0,BirdNET_SelectionTable_NLily1AnnotatedRMrevJS20260324FINALwithnegatives20260421.csv
46337,Spectrogram 1,1,70436.77017,70439.77017,0.0,6784.0,D:\2025 King Rail Project\2025 ARU Data Annotated For King Rail Project\SpringValley 2MA04668\SpringValleyData20250414to20250702\2MA04668_20250516_202400.wav,856.7702,2MA04668_20250516_202400.wav,3.0,,,,,Background Noise,,set 5/16,2.0,BirdNET_SelectionTable_SprValAnnotatedRMJS20260420withnegatives20260421.csv
46316,Spectrogram 1,1,14389.98339,14392.98339,0.0,11738.182,D:\2025 King Rail Project\2025 ARU Data Annotated For King Rail Project\SpringValley 2MA04668\SpringValleyData20250414to20250702\2MA04668_20250417_040000.wav,9.9834,2MA04668_20250417_040000.wav,3.0,,,,,Background Noise,,4am,2.0,BirdNET_SelectionTable_SprValAnnotatedRMJS20260420withnegatives20260421.csv
46318,Spectrogram 1,1,14398.94106,14401.94106,0.0,11825.455,D:\2025 King Rail Project\2025 ARU Data Annotated For King Rail Project\SpringValley 2MA04668\SpringValleyData20250414to20250702\2MA04668_20250417_040000.wav,18.941,2MA04668_20250417_040000.wav,3.0,,,,,Background Noise,,4am,2.0,BirdNET_SelectionTable_SprValAnnotatedRMJS20260420withnegatives20260421.csv
46319,Spectrogram 1,1,14438.01219,14441.01219,0.0,11869.091,D:\2025 King Rail Project\2025 ARU Data Annotated For King Rail Project\SpringValley 2MA04668\SpringValleyData20250414to20250702\2MA04668_20250417_040000.wav,58.0122,2MA04668_20250417_040000.wav,3.0,,,,,Background Noise,,4am,2.0,BirdNET_SelectionTable_SprValAnnotatedRMJS20260420withnegatives20260421.csv
46320,Spectrogram 1,1,14620.34972,14623.34972,0.0,11869.091,D:\2025 King Rail Project\2025 ARU Data Annotated For King Rail Project\SpringValley 2MA04668\SpringValleyData20250414to20250702\2MA04668_20250417_040000.wav,240.3497,2MA04668_20250417_040000.wav,3.0,,,,,Background Noise,,4am,2.0,BirdNET_SelectionTable_SprValAnnotatedRMJS20260420withnegatives20260421.csv
46321,Spectrogram 1,1,19165.78898,19168.78898,0.0,11869.091,D:\2025 King Rail Project\2025 ARU Data Annotated For King Rail Project\SpringValley 2MA04668\SpringValleyData20250414to20250702\2MA04668_20250508_040000.wav,1185.789,2MA04668_20250508_040000.wav,3.0,,,,,Background Noise,,4am,2.0,BirdNET_SelectionTable_SprValAnnotatedRMJS20260420withnegatives20260421.csv
46323,Spectrogram 1,1,24520.1193,24523.1193,0.0,11869.091,D:\2025 King Rail Project\2025 ARU Data Annotated For King Rail Project\SpringValley 2MA04668\SpringValleyData20250414to20250702\2MA04668_20250509_040000.wav,540.1193,2MA04668_20250509_040000.wav,3.0,,,,,Background Noise,,4am,2.0,BirdNET_SelectionTable_SprValAnnotatedRMJS20260420withnegatives20260421.csv
46324,Spectrogram 1,1,186751.4361,186754.4361,0.0,11912.727,D:\2025 King Rail Project\2025 ARU Data Annotated For King Rail Project\SpringValley 2MA04668\SpringValleyData20250414to20250702\2MA04668_20250605_040000.wav,771.4361,2MA04668_20250605_040000.wav,3.0,,,,,Background Noise,,4am,2.0,BirdNET_SelectionTable_SprValAnnotatedRMJS20260420withnegatives20260421.csv
46325,Spectrogram 1,1,193035.6585,193038.6585,0.0,11825.455,D:\2025 King Rail Project\2025 ARU Data Annotated For King Rail Project\SpringValley 2MA04668\SpringValleyData20250414to20250702\2MA04668_20250606_040000.wav,1055.6585,2MA04668_20250606_040000.wav,3.0,,,,,Background Noise,,4am,2.0,BirdNET_SelectionTable_SprValAnnotatedRMJS20260420withnegatives20260421.csv
46326,Spectrogram 1,1,199168.5666,199171.5666,0.0,11825.455,D:\2025 King Rail Project\2025 ARU Data Annotated For King Rail Project\SpringValley 2MA04668\SpringValleyData20250414to20250702\2MA04668_20250607_040000.wav,1188.5666,2MA04668_20250607_040000.wav,3.0,,,,,Background Noise,,4am,2.0,BirdNET_SelectionTable_SprValAnnotatedRMJS20260420withnegatives20260421.csv
46330,Spectrogram 1,1,24514.63957,24517.63957,0.0,11825.455,D:\2025 King Rail Project\2025 ARU Data Annotated For King Rail Project\SpringValley 2MA04668\SpringValleyData20250414to20250702\2MA04668_20250509_040000.wav,534.6396,2MA04668_20250509_040000.wav,3.0,,,,,Background Noise,,4am,2.0,BirdNET_SelectionTable_SprValAnnotatedRMJS20260420withnegatives20260421.csv
46339,Spectrogram 1,1,191988.3031,191991.3031,0.0,7584.0,D:\2025 King Rail Project\2025 ARU Data Annotated For King Rail Project\SpringValley 2MA04668\SpringValleyData20250414to20250702\2MA04668_20250606_040000.wav,8.3031,2MA04668_20250606_040000.wav,3.0,,,,,Background Noise,,4a 6/6,2.0,BirdNET_SelectionTable_SprValAnnotatedRMJS20260420withnegatives20260421.csv
46340,Spectrogram 1,1,336074.1068,336077.1068,0.0,12000.0,D:\2025 King Rail Project\2025 ARU Data Annotated For King Rail Project\SpringValley 2MA04668\SpringValleyData20250414to20250702\2MA04668_20250630_040000.wav,94.1068,2MA04668_20250630_040000.wav,3.0,,,,,Background Noise,,4a 6/30,2.0,BirdNET_SelectionTable_SprValAnnotatedRMJS20260420withnegatives20260421.csv
174041,Spectrogram 1,1,57428.64406,57431.64406,0.0,12000.0,D:\2025 King Rail Project\2025 ARU Data Annotated For King Rail Project\StandingRush3 SMA06001\StandingRush3Data20250331to20250721\SMA06001_20250410_040000.wav,1028.644,SMA06001_20250410_040000.wav,3.0,,,,,Background Noise,,4am,2.0,BirdNET_SelectionTable_SRush3AnnotatedRMJS20260420withnegatives20260421.csv
174042,Spectrogram 1,1,57438.88345,57441.88345,0.0,11862.069,D:\2025 King Rail Project\2025 ARU Data Annotated For King Rail Project\StandingRush3 SMA06001\StandingRush3Data20250331to20250721\SMA06001_20250410_040000.wav,1038.8835,SMA06001_20250410_040000.wav,3.0,,,,,Background Noise,,4am,2.0,BirdNET_SelectionTable_SRush3AnnotatedRMJS20260420withnegatives20260421.csv
174044,Spectrogram 1,1,57730.28312,57733.28312,0.0,11862.069,D:\2025 King Rail Project\2025 ARU Data Annotated For King Rail Project\StandingRush3 SMA06001\StandingRush3Data20250331to20250721\SMA06001_20250410_063900.wav,130.2831,SMA06001_20250410_063900.wav,3.0,,,,,Background Noise,,rise,2.0,BirdNET_SelectionTable_SRush3AnnotatedRMJS20260420withnegatives20260421.csv
174045,Spectrogram 1,1,105754.9195,105757.9195,0.0,12000.0,D:\2025 King Rail Project\2025 ARU Data Annotated For King Rail Project\StandingRush3 SMA06001\StandingRush3Data20250331to20250721\SMA06001_20250418_062700.wav,154.9195,SMA06001_20250418_062700.wav,3.0,,,,,Background Noise,,rise,2.0,BirdNET_SelectionTable_SRush3AnnotatedRMJS20260420withnegatives20260421.csv
174046,Spectrogram 1,1,105762.8258,105765.8258,0.0,11862.069,D:\2025 King Rail Project\2025 ARU Data Annotated For King Rail Project\StandingRush3 SMA06001\StandingRush3Data20250331to20250721\SMA06001_20250418_062700.wav,162.8258,SMA06001_20250418_062700.wav,3.0,,,,,Background Noise,,rise,2.0,BirdNET_SelectionTable_SRush3AnnotatedRMJS20260420withnegatives20260421.csv
174047,Spectrogram 1,1,57461.68726,57464.68726,0.0,12000.0,D:\2025 King Rail Project\2025 ARU Data Annotated For King Rail Project\StandingRush3 SMA06001\StandingRush3Data20250331to20250721\SMA06001_20250410_040000.wav,1061.6872,SMA06001_20250410_040000.wav,3.0,,,,,Background Noise,,4am,2.0,BirdNET_SelectionTable_SRush3AnnotatedRMJS20260420withnegatives20260421.csv
174048,Spectrogram 1,1,57472.47391,57475.47391,0.0,12000.0,D:\2025 King Rail Project\2025 ARU Data Annotated For King Rail Project\StandingRush3 SMA06001\StandingRush3Data20250331to20250721\SMA06001_20250410_040000.wav,1072.4739,SMA06001_20250410_040000.wav,3.0,,,,,Background Noise,,4am,2.0,BirdNET_SelectionTable_SRush3AnnotatedRMJS20260420withnegatives20260421.csv
174052,Spectrogram 1,1,159444.0771,159447.0771,0.0,12000.0,D:\2025 King Rail Project\2025 ARU Data Annotated For King Rail Project\StandingRush3 SMA06001\StandingRush3Data20250331to20250721\SMA06001_20250427_040000.wav,1044.0771,SMA06001_20250427_040000.wav,3.0,,,,,Background Noise,,4am,2.0,BirdNET_SelectionTable_SRush3AnnotatedRMJS20260420withnegatives20260421.csv
174054,Spectrogram 1,1,159417.6566,159420.6566,0.0,12000.0,D:\2025 King Rail Project\2025 ARU Data Annotated For King Rail Project\StandingRush3 SMA06001\StandingRush3Data20250331to20250721\SMA06001_20250427_040000.wav,1017.6566,SMA06001_20250427_040000.wav,3.0,,,,,Background Noise,,4am,2.0,BirdNET_SelectionTable_SRush3AnnotatedRMJS20260420withnegatives20260421.csv
