audio_subdir,file,labels
audio,MINI06_20250410_050000_0.0000s_3.0000s.wav,King Rail
audio,MINI06_20250410_050000_3.0000s_6.0000s.wav,King Rail
audio,MINI06_20250410_050000_6.0000s_9.0000s.wav,King Rail
audio,MINI06_20250410_050000_9.0000s_12.0000s.wav,King Rail
audio,MINI06_20250410_050000_12.0000s_15.0000s.wav,King Rail
audio,MINI06_20250410_050000_15.0000s_18.0000s.wav,King Rail
audio,MINI06_20250410_050000_21.0000s_24.0000s.wav,King Rail
audio,MINI06_20250410_050000_24.0000s_27.0000s.wav,King Rail
audio,MINI06_20250410_050000_27.0000s_30.0000s.wav,King Rail
audio,MINI06_20250410_050000_30.0000s_33.0000s.wav,King Rail
audio,MINI06_20250410_050000_33.0000s_36.0000s.wav,"King Rail, Least Bittern"
audio,MINI06_20250410_050000_36.0000s_39.0000s.wav,King Rail
audio,MINI06_20250410_050000_39.0000s_42.0000s.wav,King Rail
audio,MINI06_20250410_050000_42.0000s_45.0000s.wav,King Rail
audio,MINI06_20250410_050000_45.0000s_48.0000s.wav,King Rail
audio,MINI06_20250410_050000_48.0000s_51.0000s.wav,King Rail
audio,MINI06_20250410_050000_51.0000s_54.0000s.wav,King Rail
audio,MINI06_20250410_050000_54.0000s_57.0000s.wav,King Rail
audio,MINI06_20250410_050000_57.0000s_60.0000s.wav,King Rail
audio,MINI06_20250410_050000_63.0000s_66.0000s.wav,King Rail
audio,MINI06_20250410_050000_75.0000s_78.0000s.wav,King Rail
audio,MINI06_20250410_050000_78.0000s_81.0000s.wav,King Rail
audio,MINI06_20250410_050000_81.0000s_84.0000s.wav,King Rail
audio,MINI06_20250410_050000_84.0000s_87.0000s.wav,King Rail
audio,MINI06_20250410_050000_87.0000s_90.0000s.wav,King Rail
audio,MINI06_20250410_050000_90.0000s_93.0000s.wav,King Rail
audio,MINI06_20250410_050000_93.0000s_96.0000s.wav,King Rail
audio,MINI06_20250410_050000_96.0000s_99.0000s.wav,King Rail
audio,MINI06_20250410_050000_99.0000s_102.0000s.wav,King Rail
audio,MINI06_20250410_050000_105.0000s_108.0000s.wav,King Rail
audio,MINI06_20250410_050000_108.0000s_111.0000s.wav,King Rail
audio,MINI06_20250410_050000_111.0000s_114.0000s.wav,King Rail
audio,MINI06_20250410_050000_117.0000s_120.0000s.wav,King Rail
audio,MINI06_20250410_050000_120.0000s_123.0000s.wav,King Rail
audio,MINI06_20250410_050000_123.0000s_126.0000s.wav,King Rail
audio,MINI06_20250410_050000_126.0000s_129.0000s.wav,King Rail
audio,MINI06_20250410_050000_129.0000s_132.0000s.wav,King Rail
audio,MINI06_20250410_050000_132.0000s_135.0000s.wav,King Rail
audio,MINI06_20250410_050000_141.0000s_144.0000s.wav,King Rail
audio,MINI06_20250410_050000_228.0000s_231.0000s.wav,Least Bittern
audio,MINI06_20250410_050000_231.0000s_234.0000s.wav,King Rail
audio,MINI06_20250410_050000_234.0000s_237.0000s.wav,King Rail
audio,MINI06_20250410_050000_237.0000s_240.0000s.wav,King Rail
audio,MINI06_20250410_050000_240.0000s_243.0000s.wav,King Rail
audio,MINI06_20250410_050000_243.0000s_246.0000s.wav,King Rail
audio,MINI06_20250410_050000_246.0000s_249.0000s.wav,King Rail
audio,MINI06_20250410_050000_249.0000s_252.0000s.wav,King Rail
audio,MINI06_20250410_050000_252.0000s_255.0000s.wav,Least Bittern
audio,MINI06_20250410_050000_258.0000s_261.0000s.wav,King Rail
audio,MINI06_20250410_050000_291.0000s_294.0000s.wav,King Rail
audio,MINI06_20250410_050000_294.0000s_297.0000s.wav,King Rail
audio,MINI06_20250410_050000_300.0000s_303.0000s.wav,King Rail
audio,MINI06_20250410_050000_303.0000s_306.0000s.wav,King Rail
audio,MINI06_20250410_050000_306.0000s_309.0000s.wav,King Rail
audio,MINI06_20250410_050000_309.0000s_312.0000s.wav,King Rail
audio,MINI06_20250410_050000_312.0000s_315.0000s.wav,King Rail
audio,MINI06_20250410_050000_315.0000s_318.0000s.wav,King Rail
audio,MINI06_20250410_050000_318.0000s_321.0000s.wav,King Rail
audio,MINI06_20250410_050000_321.0000s_324.0000s.wav,King Rail
audio,MINI06_20250410_050000_324.0000s_327.0000s.wav,King Rail
audio,MINI06_20250410_050000_327.0000s_330.0000s.wav,King Rail
audio,MINI06_20250410_050000_330.0000s_333.0000s.wav,King Rail
audio,MINI06_20250410_050000_333.0000s_336.0000s.wav,King Rail
audio,MINI06_20250410_050000_336.0000s_339.0000s.wav,King Rail
audio,MINI06_20250410_050000_339.0000s_342.0000s.wav,King Rail
audio,MINI06_20250410_050000_342.0000s_345.0000s.wav,King Rail
audio,MINI06_20250410_050000_345.0000s_348.0000s.wav,King Rail
audio,MINI06_20250410_050000_348.0000s_351.0000s.wav,King Rail
audio,MINI06_20250410_050000_351.0000s_354.0000s.wav,King Rail
audio,MINI06_20250410_050000_354.0000s_357.0000s.wav,King Rail
audio,MINI06_20250410_050000_360.0000s_363.0000s.wav,King Rail
audio,MINI06_20250410_050000_1017.0000s_1020.0000s.wav,King Rail
audio,MINI06_20250410_050000_1437.0000s_1440.0000s.wav,"Common Gallinule, King Rail"
audio,MINI06_20250410_060002_315.0000s_318.0000s.wav,American Bittern
audio,MINI06_20250410_060002_318.0000s_321.0000s.wav,King Rail
audio,MINI06_20250410_060002_357.0000s_360.0000s.wav,King Rail
audio,MINI06_20250410_060002_360.0000s_363.0000s.wav,King Rail
audio,MINI06_20250410_060002_363.0000s_366.0000s.wav,King Rail
audio,MINI06_20250410_060002_927.0000s_930.0000s.wav,American Bittern
audio,MINI06_20250410_060002_930.0000s_933.0000s.wav,American Bittern
audio,MINI06_20250410_080002_441.0000s_444.0000s.wav,King Rail
audio,MINI06_20250411_050000_1815.0000s_1818.0000s.wav,King Rail
audio,MINI06_20250411_050000_1818.0000s_1821.0000s.wav,King Rail
audio,MINI06_20250411_050000_2973.0000s_2976.0000s.wav,King Rail
audio,MINI06_20250411_100002_2598.0000s_2601.0000s.wav,King Rail
audio,MINI06_20250411_100002_2601.0000s_2604.0000s.wav,King Rail
audio,MINI06_20250413_050000_2385.0000s_2388.0000s.wav,King Rail
audio,MINI06_20250421_050000_846.0000s_849.0000s.wav,King Rail
audio,MINI06_20250421_070002_2868.0000s_2871.0000s.wav,"Least Bittern, Red-winged Blackbird"
audio,MINI06_20250421_140002_873.0000s_876.0000s.wav,King Rail
audio,MINI06_20250421_140002_876.0000s_879.0000s.wav,King Rail
audio,MINI06_20250422_110002_714.0000s_717.0000s.wav,King Rail
audio,MINI06_20250422_110002_2493.0000s_2496.0000s.wav,King Rail
audio,MINI06_20250422_110002_3318.0000s_3321.0000s.wav,Red-winged Blackbird
audio,MINI06_20250422_110002_3366.0000s_3369.0000s.wav,"American Bittern, King Rail"
audio,MINI06_20250422_120002_585.0000s_588.0000s.wav,Sora
audio,MINI06_20250422_140002_225.0000s_228.0000s.wav,King Rail
audio,MINI06_20250422_140002_231.0000s_234.0000s.wav,King Rail
audio,MINI06_20250422_140002_234.0000s_237.0000s.wav,Sora
audio,MINI06_20250422_140002_237.0000s_240.0000s.wav,Sora
audio,MINI06_20250423_110002_2094.0000s_2097.0000s.wav,Red-winged Blackbird
audio,MINI06_20250423_130002_1710.0000s_1713.0000s.wav,"Least Bittern, Red-winged Blackbird"
audio,MINI06_20250425_110002_1911.0000s_1914.0000s.wav,Red-winged Blackbird
audio,MINI06_20250505_100002_369.0000s_372.0000s.wav,Red-winged Blackbird
audio,MINI06_20250505_120002_2664.0000s_2667.0000s.wav,Red-winged Blackbird
audio,MINI06_20250505_120002_2844.0000s_2847.0000s.wav,Red-winged Blackbird
audio,MINI06_20250505_120002_2847.0000s_2850.0000s.wav,"Least Bittern, Red-winged Blackbird"
audio,MINI06_20250505_140002_2652.0000s_2655.0000s.wav,King Rail
audio,MINI06_20250505_160002_3576.0000s_3579.0000s.wav,King Rail
audio,MINI06_20250505_160002_3582.0000s_3585.0000s.wav,"King Rail, Least Bittern, Virginia Rail"
audio,MINI06_20250505_180002_660.0000s_663.0000s.wav,King Rail
audio,MINI06_20250505_180002_666.0000s_669.0000s.wav,King Rail
audio,MINI06_20250512_120002_1635.0000s_1638.0000s.wav,Red-winged Blackbird
audio,MINI06_20250513_080002_2451.0000s_2454.0000s.wav,King Rail
audio,MINI06_20250514_080002_2730.0000s_2733.0000s.wav,King Rail
audio,MINI06_20250522_120002_1668.0000s_1671.0000s.wav,Red-winged Blackbird
audio,MINI06_20250522_120002_1671.0000s_1674.0000s.wav,Red-winged Blackbird
audio,MINI06_20250523_120002_684.0000s_687.0000s.wav,Red-winged Blackbird
audio,MINI06_20250523_120002_1665.0000s_1668.0000s.wav,"King Rail, Red-winged Blackbird"
audio,MINI06_20250523_170002_3213.0000s_3216.0000s.wav,Red-winged Blackbird
audio,MINI06_20250524_100002_969.0000s_972.0000s.wav,Red-winged Blackbird
audio,MINI06_20250527_140002_2727.0000s_2730.0000s.wav,Red-winged Blackbird
audio,MINI06_20250527_180002_930.0000s_933.0000s.wav,Red-winged Blackbird
audio,MINI06_20250527_190002_2022.0000s_2025.0000s.wav,Red-winged Blackbird
audio,MINI06_20250527_190002_3057.0000s_3060.0000s.wav,Red-winged Blackbird
audio,SMA06000_20250326_193100_21.0000s_24.0000s.wav,Red-winged Blackbird
audio,SMA06000_20250326_193100_318.0000s_321.0000s.wav,Red-winged Blackbird
audio,SMA06000_20250326_193100_321.0000s_324.0000s.wav,Red-winged Blackbird
audio,SMA06000_20250326_193100_381.0000s_384.0000s.wav,Virginia Rail
audio,SMA06000_20250326_193100_384.0000s_387.0000s.wav,"Red-winged Blackbird, Virginia Rail"
audio,SMA06000_20250326_193100_387.0000s_390.0000s.wav,"Common Gallinule, Least Bittern, Virginia Rail"
audio,SMA06000_20250326_193100_390.0000s_393.0000s.wav,Virginia Rail
audio,SMA06000_20250326_193100_393.0000s_396.0000s.wav,Virginia Rail
audio,SMA06000_20250326_193100_402.0000s_405.0000s.wav,King Rail
audio,SMA06000_20250326_193100_828.0000s_831.0000s.wav,"Common Gallinule, King Rail, Least Bittern"
audio,SMA06000_20250326_193100_963.0000s_966.0000s.wav,American Bittern
audio,SMA06000_20250326_193100_993.0000s_996.0000s.wav,Least Bittern
audio,SMA06000_20250402_193800_342.0000s_345.0000s.wav,King Rail
audio,SMA06000_20250407_194400_216.0000s_219.0000s.wav,Red-winged Blackbird
audio,SMA06000_20250407_194400_498.0000s_501.0000s.wav,"Least Bittern, Red-winged Blackbird"
audio,SMA06000_20250407_194400_501.0000s_504.0000s.wav,Red-winged Blackbird
audio,SMA06000_20250407_194400_507.0000s_510.0000s.wav,Red-winged Blackbird
audio,SMA06000_20250407_194400_510.0000s_513.0000s.wav,"Least Bittern, Red-winged Blackbird"
audio,SMA06000_20250407_194400_513.0000s_516.0000s.wav,Red-winged Blackbird
audio,SMA06000_20250410_040000_1122.0000s_1125.0000s.wav,Least Bittern
audio,SMA06000_20250410_064000_2208.0000s_2211.0000s.wav,Red-winged Blackbird
audio,SMA06000_20250410_194700_1212.0000s_1215.0000s.wav,"Least Bittern, Red-winged Blackbird"
audio,SMA06000_20250410_194700_1218.0000s_1221.0000s.wav,"Swamp Sparrow, Virginia Rail"
audio,SMA06000_20250417_062900_531.0000s_534.0000s.wav,Swamp Sparrow
audio,SMA06000_20250417_062900_873.0000s_876.0000s.wav,Virginia Rail
audio,SMA06000_20250417_062900_879.0000s_882.0000s.wav,Virginia Rail
audio,SMA06000_20250417_062900_894.0000s_897.0000s.wav,Virginia Rail
audio,SMA06000_20250417_062900_903.0000s_906.0000s.wav,Virginia Rail
audio,SMA06000_20250417_062900_1494.0000s_1497.0000s.wav,American Bittern
audio,SMA06000_20250417_062900_1803.0000s_1806.0000s.wav,Red-winged Blackbird
audio,SMA06000_20250417_062900_1812.0000s_1815.0000s.wav,Red-winged Blackbird
audio,SMA06000_20250417_062900_1815.0000s_1818.0000s.wav,"King Rail, Red-winged Blackbird"
audio,SMA06000_20250424_200200_600.0000s_603.0000s.wav,"Least Bittern, Virginia Rail"
audio,SMA06000_20250430_200900_897.0000s_900.0000s.wav,"King Rail, Least Bittern"
audio,SMA06000_20250430_200900_1872.0000s_1875.0000s.wav,King Rail
audio,SMA06000_20250501_201000_378.0000s_381.0000s.wav,"King Rail, Least Bittern, Red-winged Blackbird, Sora"
audio,SMA06000_20250501_201000_381.0000s_384.0000s.wav,"King Rail, Least Bittern"
audio,SMA06000_20250501_201000_384.0000s_387.0000s.wav,"King Rail, Red-winged Blackbird"
audio,SMA06000_20250502_201100_1152.0000s_1155.0000s.wav,American Bittern
audio,SMA06000_20250507_201600_2328.0000s_2331.0000s.wav,"King Rail, Least Bittern"
audio,SMA06000_20250507_201600_2355.0000s_2358.0000s.wav,"King Rail, Least Bittern"
audio,SMA06000_20250507_201600_2358.0000s_2361.0000s.wav,King Rail
audio,SMA06000_20250508_040000_222.0000s_225.0000s.wav,King Rail
audio,SMA06000_20250508_040000_249.0000s_252.0000s.wav,King Rail
audio,SMA06000_20250508_040000_294.0000s_297.0000s.wav,King Rail
audio,SMA06000_20250508_040000_501.0000s_504.0000s.wav,King Rail
audio,SMA06000_20250508_040000_687.0000s_690.0000s.wav,King Rail
audio,SMA06000_20250508_040000_762.0000s_765.0000s.wav,King Rail
audio,SMA06000_20250508_040000_825.0000s_828.0000s.wav,King Rail
audio,SMA06000_20250508_040000_828.0000s_831.0000s.wav,King Rail
audio,SMA06000_20250514_202300_2295.0000s_2298.0000s.wav,"American Bittern, Least Bittern"
audio,SMA06000_20250516_202500_1677.0000s_1680.0000s.wav,Least Bittern
audio,SMA06000_20250516_202500_1680.0000s_1683.0000s.wav,Least Bittern
audio,SMA06000_20250517_055100_993.0000s_996.0000s.wav,American Bittern
audio,SMA06000_20250517_202600_441.0000s_444.0000s.wav,"King Rail, Least Bittern, Willow Flycatcher"
audio,SMA06000_20250529_054200_1782.0000s_1785.0000s.wav,"King Rail, Least Bittern"
audio,SMA06000_20250602_054000_1845.0000s_1848.0000s.wav,"Least Bittern, Red-winged Blackbird, Willow Flycatcher"
audio,SMA06000_20250602_204000_2079.0000s_2082.0000s.wav,Red-winged Blackbird
audio,SMA06000_20250616_204800_786.0000s_789.0000s.wav,"Least Bittern, Red-winged Blackbird"
audio,SMA06000_20250617_204800_99.0000s_102.0000s.wav,Least Bittern
audio,SMA06000_20250617_204800_1914.0000s_1917.0000s.wav,Red-winged Blackbird
audio,SMA06000_20250618_204800_714.0000s_717.0000s.wav,"Least Bittern, Red-winged Blackbird"
audio,SMA06000_20250620_204900_1335.0000s_1338.0000s.wav,"King Rail, Least Bittern"
audio,SMA06000_20250623_205000_258.0000s_261.0000s.wav,"King Rail, Least Bittern, Marsh Wren, Virginia Rail"
audio,SMA06000_20250624_205000_2235.0000s_2238.0000s.wav,"Least Bittern, Virginia Rail"
audio,SMA06000_20250628_205000_2025.0000s_2028.0000s.wav,"American Bittern, Least Bittern, Virginia Rail"
audio,SMA06000_20250628_205000_2028.0000s_2031.0000s.wav,"King Rail, Least Bittern, Virginia Rail"
audio,SMA06000_20250629_205000_2175.0000s_2178.0000s.wav,Virginia Rail
audio,SMA06000_20250702_204900_1995.0000s_1998.0000s.wav,"King Rail, Least Bittern, Red-winged Blackbird"
audio,SMA06000_20250703_054300_1602.0000s_1605.0000s.wav,"American Bittern, King Rail, Least Bittern"
audio,SMA06000_20250703_204900_393.0000s_396.0000s.wav,King Rail
audio,SMA06000_20250704_054400_420.0000s_423.0000s.wav,"King Rail, Least Bittern, Swamp Sparrow, Virginia Rail"
audio,SMA06000_20250704_204900_1821.0000s_1824.0000s.wav,"Least Bittern, Red-winged Blackbird"
audio,SMA06000_20250705_054400_729.0000s_732.0000s.wav,King Rail
audio,SMA06000_20250705_204900_177.0000s_180.0000s.wav,"Least Bittern, Red-winged Blackbird"
audio,SMA06000_20250706_054500_2289.0000s_2292.0000s.wav,"King Rail, Swamp Sparrow"
audio,SMA06000_20250706_204800_261.0000s_264.0000s.wav,Least Bittern
audio,SMA06000_20250706_204800_831.0000s_834.0000s.wav,"Least Bittern, Red-winged Blackbird"
audio,SMA06000_20250706_204800_840.0000s_843.0000s.wav,"American Bittern, Swamp Sparrow"
audio,SMA06000_20250706_204800_846.0000s_849.0000s.wav,Red-winged Blackbird
audio,SMA06000_20250707_054600_663.0000s_666.0000s.wav,"Least Bittern, Red-winged Blackbird"
audio,SMA06000_20250410_194700_1215.0000s_1218.0000s.wav,Red-winged Blackbird
audio,2MA06246_20250404_194100_219.0000s_222.0000s.wav,King Rail
audio,2MA06246_20250404_194100_318.0000s_321.0000s.wav,King Rail
audio,2MA06246_20250404_194100_417.0000s_420.0000s.wav,Virginia Rail
audio,2MA06246_20250404_194100_420.0000s_423.0000s.wav,Virginia Rail
audio,2MA06246_20250404_194100_438.0000s_441.0000s.wav,Virginia Rail
audio,2MA06246_20250404_194100_1221.0000s_1224.0000s.wav,King Rail
audio,2MA06246_20250405_064800_1815.0000s_1818.0000s.wav,"American Bittern, King Rail, Least Bittern, Sora"
audio,2MA06246_20250405_194200_1173.0000s_1176.0000s.wav,"King Rail, Red-winged Blackbird"
audio,2MA06246_20250406_064700_1425.0000s_1428.0000s.wav,"Least Bittern, Red-winged Blackbird"
audio,2MA06246_20250406_064700_1428.0000s_1431.0000s.wav,King Rail
audio,2MA06246_20250406_064700_1467.0000s_1470.0000s.wav,"Least Bittern, Red-winged Blackbird"
audio,2MA06246_20250406_064700_1470.0000s_1473.0000s.wav,"King Rail, Red-winged Blackbird"
audio,2MA06246_20250406_064700_1473.0000s_1476.0000s.wav,Red-winged Blackbird
audio,2MA06246_20250406_064700_1935.0000s_1938.0000s.wav,"King Rail, Virginia Rail"
audio,2MA06246_20250406_064700_1938.0000s_1941.0000s.wav,Least Bittern
audio,2MA06246_20250406_064700_1956.0000s_1959.0000s.wav,"King Rail, Least Bittern"
audio,2MA06246_20250406_064700_1962.0000s_1965.0000s.wav,"King Rail, Least Bittern, Virginia Rail"
audio,2MA06246_20250406_064700_2058.0000s_2061.0000s.wav,"King Rail, Virginia Rail"
audio,2MA06246_20250406_064700_2148.0000s_2151.0000s.wav,King Rail
audio,2MA06246_20250406_064700_2154.0000s_2157.0000s.wav,King Rail
audio,2MA06246_20250406_064700_2256.0000s_2259.0000s.wav,"King Rail, Least Bittern"
audio,2MA06246_20250406_064700_2367.0000s_2370.0000s.wav,King Rail
audio,2MA06246_20250406_064700_2373.0000s_2376.0000s.wav,King Rail
audio,2MA06246_20250406_194300_471.0000s_474.0000s.wav,"King Rail, Least Bittern, Virginia Rail"
audio,2MA06246_20250408_064300_1707.0000s_1710.0000s.wav,King Rail
audio,2MA06246_20250408_194500_207.0000s_210.0000s.wav,Red-winged Blackbird
audio,2MA06246_20250411_063800_1743.0000s_1746.0000s.wav,Red-winged Blackbird
audio,2MA06246_20250411_063800_1839.0000s_1842.0000s.wav,King Rail
audio,2MA06246_20250423_200100_2361.0000s_2364.0000s.wav,Sora
audio,2MA06246_20250424_200200_414.0000s_417.0000s.wav,"King Rail, Virginia Rail"
audio,2MA06246_20250425_200300_15.0000s_18.0000s.wav,King Rail
audio,2MA06246_20250425_200300_543.0000s_546.0000s.wav,King Rail
audio,2MA06246_20250426_200400_942.0000s_945.0000s.wav,"King Rail, Red-winged Blackbird"
audio,2MA06246_20250427_200500_492.0000s_495.0000s.wav,"Least Bittern, Red-winged Blackbird"
audio,2MA06246_20250428_061300_2307.0000s_2310.0000s.wav,Sora
audio,2MA06246_20250429_200800_186.0000s_189.0000s.wav,Red-winged Blackbird
audio,2MA06246_20250430_061000_447.0000s_450.0000s.wav,"American Bittern, King Rail, Swamp Sparrow"
audio,2MA06246_20250430_200900_450.0000s_453.0000s.wav,King Rail
audio,2MA06246_20250501_060900_993.0000s_996.0000s.wav,Sora
audio,2MA06246_20250501_201000_144.0000s_147.0000s.wav,King Rail
audio,2MA06246_20250501_201000_1446.0000s_1449.0000s.wav,"King Rail, Least Bittern, Sora"
audio,2MA06246_20250503_201200_141.0000s_144.0000s.wav,"Least Bittern, Red-winged Blackbird, Sora, Tree Swallow"
audio,2MA06246_20250505_060400_2247.0000s_2250.0000s.wav,"King Rail, Virginia Rail"
audio,2MA06246_20250507_201600_2187.0000s_2190.0000s.wav,American Bittern
audio,2MA06246_20250507_201600_2190.0000s_2193.0000s.wav,"American Bittern, Swamp Sparrow, Virginia Rail"
audio,2MA06246_20250507_201600_2193.0000s_2196.0000s.wav,"King Rail, Virginia Rail"
audio,2MA06246_20250507_201600_2208.0000s_2211.0000s.wav,"American Bittern, Virginia Rail"
audio,2MA06246_20250507_201600_2220.0000s_2223.0000s.wav,"Common Gallinule, King Rail, Least Bittern"
audio,2MA06246_20250507_201600_2226.0000s_2229.0000s.wav,Eastern Kingbird
audio,2MA06246_20250507_201600_2229.0000s_2232.0000s.wav,King Rail
audio,2MA06246_20250507_201600_2235.0000s_2238.0000s.wav,"American Bittern, King Rail, Least Bittern, Virginia Rail"
audio,2MA06246_20250507_201600_2238.0000s_2241.0000s.wav,"Least Bittern, Virginia Rail"
audio,2MA06246_20250508_040000_528.0000s_531.0000s.wav,King Rail
audio,2MA06246_20250508_040000_531.0000s_534.0000s.wav,American Bittern
audio,2MA06246_20250508_060000_1353.0000s_1356.0000s.wav,"King Rail, Virginia Rail"
audio,2MA06246_20250521_203000_1539.0000s_1542.0000s.wav,"King Rail, Least Bittern, Red-winged Blackbird"
audio,2MA06246_20250523_203200_1797.0000s_1800.0000s.wav,"Marsh Wren, Red-winged Blackbird, Virginia Rail"
audio,2MA06246_20250526_203500_108.0000s_111.0000s.wav,Red-winged Blackbird
audio,2MA06246_20250526_203500_1143.0000s_1146.0000s.wav,Red-winged Blackbird
audio,2MA06246_20250527_203500_123.0000s_126.0000s.wav,"Least Bittern, Red-winged Blackbird"
audio,2MA06246_20250609_204500_1101.0000s_1104.0000s.wav,"Swamp Sparrow, Virginia Rail"
audio,2MA06246_20250611_053800_1059.0000s_1062.0000s.wav,"Tree Swallow, Virginia Rail"
audio,2MA06246_20250614_204700_1932.0000s_1935.0000s.wav,Virginia Rail
audio,2MA06246_20250626_205000_2085.0000s_2088.0000s.wav,American Bittern
audio,2MA06246_20250707_054600_2385.0000s_2388.0000s.wav,"American Bittern, Least Bittern, Swamp Sparrow"
audio,2MA06246_20250707_054600_2391.0000s_2394.0000s.wav,"Least Bittern, Virginia Rail"
audio,SMA06024_20250326_193100_27.0000s_30.0000s.wav,"American Bittern, Red-winged Blackbird"
audio,SMA06024_20250326_193100_42.0000s_45.0000s.wav,Red-winged Blackbird
audio,SMA06024_20250326_193100_108.0000s_111.0000s.wav,Red-winged Blackbird
audio,SMA06024_20250326_193100_111.0000s_114.0000s.wav,Least Bittern
audio,SMA06024_20250326_193100_1071.0000s_1074.0000s.wav,"Marsh Wren, Red-winged Blackbird"
audio,SMA06024_20250326_193100_1194.0000s_1197.0000s.wav,Red-winged Blackbird
audio,SMA06024_20250326_193100_1197.0000s_1200.0000s.wav,"Red-winged Blackbird, Virginia Rail"
audio,SMA06024_20250327_193200_693.0000s_696.0000s.wav,Red-winged Blackbird
audio,SMA06024_20250327_193200_696.0000s_699.0000s.wav,American Bittern
audio,SMA06024_20250327_193200_1404.0000s_1407.0000s.wav,Red-winged Blackbird
audio,SMA06024_20250401_193700_426.0000s_429.0000s.wav,Red-winged Blackbird
audio,SMA06024_20250401_193700_531.0000s_534.0000s.wav,Red-winged Blackbird
audio,SMA06024_20250402_065300_1719.0000s_1722.0000s.wav,Red-winged Blackbird
audio,SMA06024_20250402_065300_1767.0000s_1770.0000s.wav,Red-winged Blackbird
audio,SMA06024_20250402_065300_1947.0000s_1950.0000s.wav,Red-winged Blackbird
audio,SMA06024_20250402_193800_81.0000s_84.0000s.wav,"Common Gallinule, Red-winged Blackbird"
audio,SMA06024_20250402_193800_165.0000s_168.0000s.wav,"Least Bittern, Pied-billed Grebe"
audio,SMA06024_20250402_193800_636.0000s_639.0000s.wav,Virginia Rail
audio,SMA06024_20250402_193800_936.0000s_939.0000s.wav,"Least Bittern, Red-winged Blackbird"
audio,SMA06024_20250403_193900_1122.0000s_1125.0000s.wav,Red-winged Blackbird
audio,SMA06024_20250406_064600_2121.0000s_2124.0000s.wav,Pied-billed Grebe
audio,SMA06024_20250406_064600_2124.0000s_2127.0000s.wav,Pied-billed Grebe
audio,SMA06024_20250407_194400_1278.0000s_1281.0000s.wav,Red-winged Blackbird
audio,SMA06024_20250408_194500_1110.0000s_1113.0000s.wav,Red-winged Blackbird
audio,SMA06024_20250408_194500_1137.0000s_1140.0000s.wav,Red-winged Blackbird
audio,SMA06024_20250408_194500_1140.0000s_1143.0000s.wav,Wood Duck
audio,SMA06024_20250410_194700_276.0000s_279.0000s.wav,Red-winged Blackbird
audio,SMA06024_20250419_195700_1590.0000s_1593.0000s.wav,Virginia Rail
audio,SMA06024_20250425_200300_1620.0000s_1623.0000s.wav,"American Bittern, King Rail, Red-winged Blackbird"
audio,SMA06024_20250427_200500_951.0000s_954.0000s.wav,"Least Bittern, Red-winged Blackbird"
audio,SMA06024_20250429_061100_639.0000s_642.0000s.wav,"Least Bittern, Red-winged Blackbird"
audio,SMA06024_20250502_201100_1698.0000s_1701.0000s.wav,Red-winged Blackbird
audio,SMA06024_20250507_201600_2220.0000s_2223.0000s.wav,Least Bittern
audio,SMA06024_20250507_201600_2238.0000s_2241.0000s.wav,American Bittern
audio,SMA06024_20250507_201600_2241.0000s_2244.0000s.wav,King Rail
audio,SMA06024_20250602_204000_1251.0000s_1254.0000s.wav,"Least Bittern, Red-winged Blackbird"
audio,SMA06024_20250602_204000_2181.0000s_2184.0000s.wav,"American Bittern, Virginia Rail"
audio,SMA06024_20250603_054000_1017.0000s_1020.0000s.wav,"American Bittern, Least Bittern"
audio,SMA06024_20250608_204400_2259.0000s_2262.0000s.wav,Sora
audio,SMA06024_20250608_204400_2262.0000s_2265.0000s.wav,Sora
audio,SMA06024_20250613_204700_1077.0000s_1080.0000s.wav,Least Bittern
audio,SMA06024_20250614_053800_1395.0000s_1398.0000s.wav,Red-winged Blackbird
audio,SMA06024_20250615_204700_471.0000s_474.0000s.wav,King Rail
audio,SMA06024_20250615_204700_525.0000s_528.0000s.wav,Virginia Rail
audio,SMA06024_20250615_204700_1605.0000s_1608.0000s.wav,Red-winged Blackbird
audio,SMA06024_20250616_204800_1626.0000s_1629.0000s.wav,Red-winged Blackbird
audio,SMA06024_20250616_204800_1647.0000s_1650.0000s.wav,Red-winged Blackbird
audio,SMA06024_20250616_204800_1698.0000s_1701.0000s.wav,King Rail
audio,SMA06024_20250616_204800_1701.0000s_1704.0000s.wav,"King Rail, Virginia Rail"
audio,SMA06024_20250616_204800_1836.0000s_1839.0000s.wav,King Rail
audio,SMA06024_20250616_204800_1848.0000s_1851.0000s.wav,King Rail
audio,SMA06024_20250616_204800_1854.0000s_1857.0000s.wav,"King Rail, Virginia Rail"
audio,SMA06024_20250616_204800_1872.0000s_1875.0000s.wav,King Rail
audio,SMA06024_20250616_204800_1875.0000s_1878.0000s.wav,King Rail
audio,SMA06024_20250616_204800_2034.0000s_2037.0000s.wav,King Rail
audio,SMA06024_20250617_040000_0.0000s_3.0000s.wav,"King Rail, Virginia Rail"
audio,SMA06024_20250617_040000_30.0000s_33.0000s.wav,Virginia Rail
audio,SMA06024_20250617_040000_33.0000s_36.0000s.wav,King Rail
audio,SMA06024_20250617_040000_48.0000s_51.0000s.wav,King Rail
audio,SMA06024_20250617_040000_57.0000s_60.0000s.wav,King Rail
audio,SMA06024_20250617_040000_60.0000s_63.0000s.wav,King Rail
audio,SMA06024_20250617_040000_84.0000s_87.0000s.wav,King Rail
audio,SMA06024_20250617_040000_87.0000s_90.0000s.wav,King Rail
audio,SMA06024_20250617_040000_138.0000s_141.0000s.wav,King Rail
audio,SMA06024_20250617_040000_141.0000s_144.0000s.wav,King Rail
audio,SMA06024_20250617_040000_216.0000s_219.0000s.wav,King Rail
audio,SMA06024_20250617_040000_219.0000s_222.0000s.wav,King Rail
audio,SMA06024_20250617_040000_267.0000s_270.0000s.wav,King Rail
audio,SMA06024_20250617_040000_288.0000s_291.0000s.wav,King Rail
audio,SMA06024_20250617_040000_441.0000s_444.0000s.wav,King Rail
audio,SMA06024_20250617_040000_648.0000s_651.0000s.wav,King Rail
audio,SMA06024_20250617_040000_651.0000s_654.0000s.wav,"King Rail, Virginia Rail"
audio,SMA06024_20250617_040000_654.0000s_657.0000s.wav,King Rail
audio,SMA06024_20250617_040000_657.0000s_660.0000s.wav,"King Rail, Virginia Rail"
audio,SMA06024_20250617_040000_666.0000s_669.0000s.wav,King Rail
audio,SMA06024_20250617_040000_693.0000s_696.0000s.wav,King Rail
audio,SMA06024_20250617_040000_822.0000s_825.0000s.wav,Virginia Rail
audio,SMA06024_20250617_040000_999.0000s_1002.0000s.wav,"King Rail, Virginia Rail"
audio,SMA06024_20250617_040000_1014.0000s_1017.0000s.wav,King Rail
audio,SMA06024_20250617_040000_1020.0000s_1023.0000s.wav,King Rail
audio,SMA06024_20250620_204900_33.0000s_36.0000s.wav,King Rail
audio,SMA06024_20250701_205000_90.0000s_93.0000s.wav,Virginia Rail
audio,SMA06024_20250701_205000_102.0000s_105.0000s.wav,Virginia Rail
audio,SMA06024_20250703_204900_684.0000s_687.0000s.wav,King Rail
audio,SMA06024_20250703_204900_1125.0000s_1128.0000s.wav,"King Rail, Marsh Wren"
audio,SMA06024_20250706_054500_798.0000s_801.0000s.wav,"Sora, Virginia Rail"
audio,SMA06024_20250707_054600_1536.0000s_1539.0000s.wav,"Least Bittern, Red-winged Blackbird"
audio,2MA04668_20250414_195300_63.0000s_66.0000s.wav,"American Bittern, Virginia Rail"
audio,2MA04668_20250414_195300_183.0000s_186.0000s.wav,Virginia Rail
audio,2MA04668_20250414_195300_804.0000s_807.0000s.wav,"American Bittern, Red-winged Blackbird"
audio,2MA04668_20250414_195300_810.0000s_813.0000s.wav,"American Bittern, Red-winged Blackbird, Sora"
audio,2MA04668_20250415_195400_54.0000s_57.0000s.wav,Red-winged Blackbird
audio,2MA04668_20250509_060800_2115.0000s_2118.0000s.wav,"Least Bittern, Red-winged Blackbird"
audio,2MA04668_20250515_202300_1413.0000s_1416.0000s.wav,"King Rail, Least Bittern, Red-winged Blackbird, Virginia Rail"
audio,2MA04668_20250517_202500_84.0000s_87.0000s.wav,"King Rail, Red-winged Blackbird, Virginia Rail"
audio,2MA04668_20250519_202700_1806.0000s_1809.0000s.wav,Red-winged Blackbird
audio,2MA04668_20250519_202700_1893.0000s_1896.0000s.wav,Red-winged Blackbird
audio,2MA04668_20250520_040000_1155.0000s_1158.0000s.wav,King Rail
audio,2MA04668_20250520_202800_2280.0000s_2283.0000s.wav,"King Rail, Least Bittern, Virginia Rail"
audio,2MA04668_20250522_203000_726.0000s_729.0000s.wav,Red-winged Blackbird
audio,2MA04668_20250523_055500_1365.0000s_1368.0000s.wav,"King Rail, Virginia Rail"
audio,2MA04668_20250527_040000_924.0000s_927.0000s.wav,King Rail
audio,2MA04668_20250527_203400_1206.0000s_1209.0000s.wav,Red-winged Blackbird
audio,2MA04668_20250601_203800_1053.0000s_1056.0000s.wav,"American Bittern, Least Bittern, Red-winged Blackbird"
audio,2MA04668_20250601_203800_1134.0000s_1137.0000s.wav,Red-winged Blackbird
audio,2MA04668_20250602_055000_1071.0000s_1074.0000s.wav,"King Rail, Virginia Rail"
audio,2MA04668_20250603_203900_450.0000s_453.0000s.wav,Red-winged Blackbird
audio,2MA04668_20250608_054800_1845.0000s_1848.0000s.wav,Red-winged Blackbird
audio,2MA04668_20250609_040000_459.0000s_462.0000s.wav,King Rail
audio,2MA04668_20250612_204400_540.0000s_543.0000s.wav,King Rail
audio,2MA04668_20250617_054800_2367.0000s_2370.0000s.wav,"King Rail, Least Bittern, Virginia Rail"
audio,2MA04668_20250617_204600_462.0000s_465.0000s.wav,"King Rail, Least Bittern, Virginia Rail"
audio,2MA04668_20250619_054800_1842.0000s_1845.0000s.wav,"King Rail, Least Bittern, Red-winged Blackbird, Virginia Rail"
audio,2MA04668_20250621_204700_939.0000s_942.0000s.wav,"King Rail, Least Bittern, Red-winged Blackbird"
audio,2MA04668_20250624_055000_747.0000s_750.0000s.wav,"American Bittern, King Rail"
audio,2MA04668_20250624_055000_2280.0000s_2283.0000s.wav,King Rail
audio,2MA04668_20250625_055000_2052.0000s_2055.0000s.wav,"Common Gallinule, King Rail, Least Bittern"
audio,2MA04668_20250626_204800_549.0000s_552.0000s.wav,Red-winged Blackbird
audio,2MA04668_20250628_204800_1479.0000s_1482.0000s.wav,"American Bittern, King Rail, Least Bittern, Virginia Rail"
audio,2MA04668_20250629_204700_2343.0000s_2346.0000s.wav,King Rail
audio,2MA04668_20250630_055200_2109.0000s_2112.0000s.wav,King Rail
audio,BIGM11_20240504_060002_2274.0000s_2277.0000s.wav,King Rail
audio,BIGM11_20240504_060002_2277.0000s_2280.0000s.wav,King Rail
audio,BIGM12_20240505_070002_1206.0000s_1209.0000s.wav,King Rail
audio,BIGM12_20240505_070002_1209.0000s_1212.0000s.wav,King Rail
audio,BIGM12_20240505_070002_1212.0000s_1215.0000s.wav,King Rail
audio,BIGM12_20240511_080002_585.0000s_588.0000s.wav,King Rail
audio,BIGM12_20240511_080002_591.0000s_594.0000s.wav,King Rail
audio,BIGM12_20240511_080002_594.0000s_597.0000s.wav,King Rail
audio,BIGM12_20240514_080002_585.0000s_588.0000s.wav,King Rail
audio,BIGM12_20240514_080002_588.0000s_591.0000s.wav,King Rail
audio,BIGM12_20240514_080002_594.0000s_597.0000s.wav,King Rail
audio,BIGM12_20240515_070002_924.0000s_927.0000s.wav,King Rail
audio,BIGM12_20240515_070002_927.0000s_930.0000s.wav,King Rail
audio,BIGM12_20240530_070002_3555.0000s_3558.0000s.wav,King Rail
audio,BIGM12_20240530_070002_3561.0000s_3564.0000s.wav,King Rail
audio,BIGM12_20240530_070002_3564.0000s_3567.0000s.wav,King Rail
audio,BIGM12_20240602_060002_3372.0000s_3375.0000s.wav,King Rail
audio,BIGM12_20240602_060002_3381.0000s_3384.0000s.wav,King Rail
audio,BIGM14_20240507_080002_429.0000s_432.0000s.wav,King Rail
audio,BIGM14_20240516_070002_339.0000s_342.0000s.wav,King Rail
audio,BIGM14_20240516_070002_342.0000s_345.0000s.wav,Marsh Wren
audio,BIGM14_20240526_070002_1338.0000s_1341.0000s.wav,King Rail
audio,BIGM14_20240526_070002_1374.0000s_1377.0000s.wav,Red-winged Blackbird
audio,BIGM14_20240615_060002_3423.0000s_3426.0000s.wav,Red-winged Blackbird
audio,BIGM14_20240615_060002_3426.0000s_3429.0000s.wav,Red-winged Blackbird
audio,SMA05956GRAS_20240603_050000_3336.0000s_3339.0000s.wav,King Rail
audio,SMA05956GRAS_20240603_050000_3339.0000s_3342.0000s.wav,King Rail
audio,SMA05956GRAS_20240603_050000_3348.0000s_3351.0000s.wav,King Rail
audio,SMA05956GRAS_20240603_050000_3351.0000s_3354.0000s.wav,King Rail
audio,SMA05956GRAS_20240603_050000_3354.0000s_3357.0000s.wav,King Rail
Background,MINI06_20250505_120002_2837.9465s_2840.9465s.wav,
Background,MINI06_20250505_130002_1947.2345s_1950.2345s.wav,
Background,MINI06_20250505_140002_62.6585s_65.6585s.wav,
Background,MINI06_20250505_150002_660.7682s_663.7682s.wav,
Background,MINI06_20250505_150002_833.9573s_836.9573s.wav,
Background,MINI06_20250513_050000_236.9321s_239.9321s.wav,
Background,MINI06_20250513_080002_3142.6179s_3145.6179s.wav,
Background,MINI06_20250513_100002_2135.7422s_2138.7422s.wav,
Background,MINI06_20250513_110002_2982.3074s_2985.3074s.wav,
Background,MINI06_20250505_120002_2832.4105s_2835.4105s.wav,
Background,MINI06_20250525_160002_4.4124s_7.4124s.wav,
Background,MINI06_20250506_050000_2.0571s_5.0571s.wav,
Background,MINI06_20250523_180002_13.9230s_16.9230s.wav,
Background,MINI06_20250526_180002_0.6559s_3.6559s.wav,
Background,MINI06_20250524_140002_0.1043s_3.1043s.wav,
Background,MINI06_20250524_140002_8.7205s_11.7205s.wav,
Background,MINI06_20250410_050000_1595.7913s_1598.7913s.wav,
Background,MINI06_20250414_130002_4.2932s_7.2932s.wav,
Background,MINI06_20250415_140002_14.0869s_17.0869s.wav,
Background,MINI06_20250525_100002_54.5292s_57.5292s.wav,
Background,MINI06_20250412_120002_2.7764s_5.7764s.wav,
Background,MINI06_20250411_130002_53.7689s_56.7689s.wav,
Background,MINI06_20250411_140002_206.9758s_209.9758s.wav,
Background,MINI06_20250414_160002_307.6472s_310.6472s.wav,
Background,MINI06_20250513_130002_9.4807s_12.4807s.wav,
Background,MINI06_20250513_110002_87.1006s_90.1006s.wav,
Background,2MA08068_20250416_063100_413.1931s_416.1931s.wav,
Background,2MA08068_20250420_062500_117.2930s_120.2930s.wav,
Background,2MA08068_20250525_040000_771.3857s_774.3857s.wav,
Background,2MA08068_20250709_204900_410.5577s_413.5577s.wav,
Background,2MA08068_20250525_040000_765.2939s_768.2939s.wav,
Background,2MA08068_20250602_040000_959.1175s_962.1175s.wav,
Background,2MA08068_20250531_040000_355.4514s_358.4514s.wav,
Background,2MA08068_20250417_040000_82.1994s_85.1994s.wav,
Background,2MA08068_20250504_201400_1832.0779s_1835.0779s.wav,
Background,2MA08068_20250415_195400_390.1625s_393.1625s.wav,
Background,SMA06000_20250508_040000_1087.9627s_1090.9627s.wav,
Background,SMA06000_20250508_040000_1097.6692s_1100.6692s.wav,
Background,SMA06000_20250706_204800_821.9897s_824.9897s.wav,
Background,SMA06000_20250706_204800_832.6467s_835.6467s.wav,
Background,SMA06000_20250508_040000_243.4806s_246.4806s.wav,
Background,SMA06000_20250508_040000_253.4153s_256.4153s.wav,
Background,SMA06000_20250508_040000_756.0617s_759.0617s.wav,
Background,SMA06000_20250508_040000_831.9267s_834.9267s.wav,
Background,SMA06000_20250508_040000_1076.0005s_1079.0005s.wav,
Background,SMA06000_20250327_040000_5.8818s_8.8818s.wav,
Background,SMA06000_20250329_070000_8.3525s_11.3525s.wav,
Background,SMA06000_20250407_040000_5.1602s_8.1602s.wav,
Background,SMA06000_20250406_064700_8.8555s_11.8555s.wav,
Background,2MA06246_20250509_040000_551.6584s_554.6584s.wav,
Background,2MA06246_20250503_201200_2021.8996s_2024.8996s.wav,
Background,2MA06246_20250504_060500_48.8825s_51.8825s.wav,
Background,2MA06246_20250504_060500_136.0265s_139.0265s.wav,
Background,2MA06246_20250504_060500_1249.5147s_1252.5147s.wav,
Background,2MA06246_20250504_201300_2192.6008s_2195.6008s.wav,
Background,2MA06246_20250504_201300_2203.4451s_2206.4451s.wav,
Background,2MA06246_20250504_201300_2210.4873s_2213.4873s.wav,
Background,2MA06246_20250505_040000_425.6836s_428.6836s.wav,
Background,2MA06246_20250506_040000_72.8393s_75.8393s.wav,
Background,2MA06246_20250405_040000_3.1584s_6.1584s.wav,
Background,2MA06246_20250609_040000_11.4736s_14.4736s.wav,
Background,2MA06246_20250705_040000_10.9985s_13.9985s.wav,
Background,SMA06024_20250429_061100_580.1283s_583.1283s.wav,
Background,SMA06024_20250429_061100_1956.9421s_1959.9421s.wav,
Background,SMA06024_20250429_200800_2268.4073s_2271.4073s.wav,
Background,SMA06024_20250430_040000_605.6729s_608.6729s.wav,
Background,SMA06024_20250430_040000_616.8051s_619.8051s.wav,
Background,SMA06024_20250616_204800_2394.5225s_2397.5225s.wav,
Background,SMA06024_20250617_040000_175.1274s_178.1274s.wav,
Background,SMA06024_20250402_065300_1761.4649s_1764.4649s.wav,
Background,SMA06024_20250402_065300_1410.2489s_1413.2489s.wav,
Background,SMA06024_20250402_065300_1415.3961s_1418.3961s.wav,
Background,SMA06024_20250514_040000_180.0000s_183.0000s.wav,
Background,SMA06024_20250514_040000_183.0000s_186.0000s.wav,
Background,SMA06024_20250401_040000_10.4869s_13.4869s.wav,
Background,SMA06024_20250401_040000_28.6546s_31.6546s.wav,
Background,SMA06024_20250401_040000_52.2112s_55.2112s.wav,
Background,SMA06024_20250401_065500_236.5602s_239.5602s.wav,
Background,SMA06024_20250329_040000_1.6994s_4.6994s.wav,
Background,SMA06024_20250329_040000_58.9416s_61.9416s.wav,
Background,SMA06024_20250328_193300_2395.6379s_2398.6379s.wav,
Background,SMA06024_20250328_193300_2359.5745s_2362.5745s.wav,
Background,SMA06024_20250601_203900_67.3808s_70.3808s.wav,
Background,SMA06024_20250511_040000_16.9937s_19.9937s.wav,
Background,SMA06024_20250511_040000_24.7547s_27.7547s.wav,
Background,SMA06024_20250511_040000_159.3540s_162.3540s.wav,
Background,SMA06024_20250511_040000_579.5478s_582.5478s.wav,
Background,SMA06024_20250514_040000_0.0895s_3.0895s.wav,
Background,SMA06024_20250514_040000_127.2596s_130.2596s.wav,
Background,SMA06024_20250514_040000_173.6646s_176.6646s.wav,
Background,SMA06024_20250514_040000_135.9894s_138.9894s.wav,
Background,2MA04668_20250516_202400_856.7702s_859.7702s.wav,
Background,2MA04668_20250417_040000_9.9834s_12.9834s.wav,
Background,2MA04668_20250417_040000_18.9410s_21.9410s.wav,
Background,2MA04668_20250417_040000_58.0122s_61.0122s.wav,
Background,2MA04668_20250417_040000_240.3497s_243.3497s.wav,
Background,2MA04668_20250508_040000_1185.7890s_1188.7890s.wav,
Background,2MA04668_20250509_040000_540.1193s_543.1193s.wav,
Background,2MA04668_20250605_040000_771.4361s_774.4361s.wav,
Background,2MA04668_20250606_040000_1055.6585s_1058.6585s.wav,
Background,2MA04668_20250607_040000_1188.5666s_1191.5666s.wav,
Background,2MA04668_20250509_040000_534.6396s_537.6396s.wav,
Background,2MA04668_20250606_040000_8.3031s_11.3031s.wav,
Background,2MA04668_20250630_040000_94.1068s_97.1068s.wav,
Background,SMA06001_20250410_040000_1028.6440s_1031.6440s.wav,
Background,SMA06001_20250410_040000_1038.8835s_1041.8835s.wav,
Background,SMA06001_20250410_063900_130.2831s_133.2831s.wav,
Background,SMA06001_20250418_062700_154.9195s_157.9195s.wav,
Background,SMA06001_20250418_062700_162.8258s_165.8258s.wav,
Background,SMA06001_20250410_040000_1061.6872s_1064.6872s.wav,
Background,SMA06001_20250410_040000_1072.4739s_1075.4739s.wav,
Background,SMA06001_20250427_040000_1044.0771s_1047.0771s.wav,
Background,SMA06001_20250427_040000_1017.6566s_1020.6566s.wav,
